"","type","Anxiety","AngryHpstility","Depression","Selfconsciousness","Impulsiveness","Vulnerability","Warmth","Gregariousnness","Assertiveness","Activity","ExcitementSeeking","PositiveEmotions","Fantasy","Aesthetics","Feeling","Actions","Ideas","Values","Trust","Straightforwardness","Altruism","Compliance","Modesty","TenderMindedness","Competence","Order","Dutifulness","AchievementStriving","SelfDiscipline","Deliberation"
"1",341,0,0,0,0,1,1,0,0,0,0,0,0,0,0,0,0,0,0,0,1,0,0,0,0,1,0,0,0,0,0
"2",342,0,0,0,0,1,1,0,0,0,0,0,0,0,0,1,0,0,0,0,1,0,0,0,0,1,0,0,0,0,1
"3",343,0,0,0,0,1,1,0,0,0,1,0,0,0,0,1,0,0,0,0,1,0,0,0,0,1,0,0,0,0,1
"4",344,0,0,0,0,1,1,0,0,0,1,0,0,0,0,1,0,0,0,0,1,0,0,0,0,1,0,0,0,0,1
"5",345,0,0,0,0,1,1,0,0,0,0,0,0,0,0,0,0,0,0,0,0,0,0,0,0,1,0,0,0,0,0
"6",346,0,0,0,0,1,0,0,0,0,0,0,0,0,0,0,0,0,0,0,1,0,0,0,0,1,0,0,0,0,1
"7",347,0,1,0,0,1,0,0,1,0,1,0,0,0,0,1,0,0,0,0,1,0,0,1,0,1,0,0,1,0,1
"8",348,0,1,0,0,1,0,0,1,0,1,0,0,0,0,1,0,1,0,0,1,0,0,1,0,1,0,0,1,0,1
"9",349,0,0,0,0,0,0,0,1,0,0,0,0,0,0,0,0,0,1,0,0,0,0,0,0,0,0,0,1,0,0
"10",350,0,1,0,0,1,0,0,1,0,0,0,0,0,0,0,0,1,0,0,1,0,0,1,0,1,0,0,1,0,0
"11",351,0,0,1,0,1,0,0,1,0,0,0,0,0,0,0,0,0,1,0,1,0,0,1,0,1,0,0,1,0,1
"12",353,0,1,1,0,0,0,0,1,0,0,0,0,0,0,0,0,1,1,0,1,0,0,1,0,0,0,0,1,0,0
"13",358,0,0,0,0,1,1,0,0,0,1,0,0,0,0,1,1,0,0,0,1,1,0,0,0,1,0,0,0,0,1
"14",359,0,0,0,0,1,1,0,0,0,1,0,0,0,0,1,1,0,0,0,1,1,0,0,0,1,0,0,0,0,1
"15",360,0,0,0,0,1,1,0,1,0,1,0,0,0,0,1,0,0,0,0,1,1,0,1,0,1,0,0,0,0,1
"16",361,0,0,0,0,1,1,0,0,0,0,0,0,0,0,0,1,0,0,0,0,1,0,0,0,0,0,0,0,0,0
"17",362,0,0,0,0,1,1,0,1,0,0,0,0,0,0,1,0,0,0,0,1,1,0,0,0,1,0,0,1,0,0
"18",363,0,0,0,0,1,1,0,1,0,1,0,0,0,0,1,0,0,0,0,1,1,0,1,0,1,0,0,1,0,1
"19",364,0,1,0,0,1,1,0,1,0,1,0,0,0,0,1,0,1,0,0,1,0,0,1,0,1,0,0,1,0,1
"20",365,0,0,0,0,1,1,0,1,0,0,0,0,0,0,0,0,0,1,0,0,0,0,0,0,0,0,0,1,0,0
"21",366,0,0,0,0,1,1,0,1,0,0,0,0,0,0,0,0,0,1,0,1,0,0,1,0,1,0,0,1,0,0
"22",367,0,0,1,0,1,0,0,1,0,0,0,0,0,0,0,0,0,1,0,1,0,0,1,0,1,0,0,1,0,1
"23",368,0,0,1,0,1,0,0,1,0,1,0,0,0,0,1,0,1,1,0,1,0,0,1,0,1,0,0,1,0,1
"24",369,0,0,1,0,0,0,0,1,0,0,0,0,0,0,0,0,1,1,0,0,0,0,1,0,0,0,0,1,0,0
"25",370,0,1,1,1,1,0,0,1,0,0,0,0,0,0,0,0,1,1,0,1,0,0,1,0,1,0,0,1,0,0
"26",378,0,0,0,0,1,1,0,1,0,0,1,0,0,0,1,1,0,1,0,0,1,0,0,0,1,1,0,1,0,0
"27",381,0,0,0,0,1,1,0,1,0,0,1,0,0,0,0,1,0,1,0,0,1,0,0,0,0,1,0,1,0,0
"28",382,0,0,0,0,1,1,0,1,0,0,1,0,0,0,0,1,0,1,0,1,1,0,1,0,1,1,0,1,0,0
"29",383,0,0,1,0,1,1,0,1,0,1,0,0,0,0,1,0,0,1,0,1,1,0,1,0,1,0,0,1,0,1
"30",384,0,0,1,0,1,1,0,1,0,1,1,0,0,0,1,0,1,0,0,1,1,0,1,0,1,0,0,1,0,1
"31",385,0,0,1,0,0,1,0,1,0,0,1,0,0,0,0,0,1,1,0,0,0,0,1,0,0,1,0,1,0,0
"32",386,0,0,1,1,1,0,0,1,0,0,1,0,1,0,0,0,1,1,0,1,0,0,1,0,1,0,0,1,0,0
"33",387,0,1,1,1,1,0,0,1,0,0,1,0,1,0,0,0,1,1,0,1,0,0,1,0,1,0,0,1,0,1
"34",388,0,0,1,0,1,1,0,1,0,1,1,0,0,0,1,1,1,1,0,1,1,0,1,0,1,0,0,1,0,1
"35",400,0,0,1,0,1,1,0,1,0,1,1,0,0,0,1,1,1,1,0,1,1,0,1,0,1,1,0,1,0,1
"36",401,0,0,1,1,0,0,0,1,0,0,1,0,1,0,0,0,1,1,0,0,1,0,1,0,0,1,0,1,0,0
"37",402,0,0,1,1,1,0,0,1,0,0,1,0,1,0,0,0,1,1,0,1,1,0,1,0,1,1,0,1,0,0
"38",403,0,0,1,1,1,1,0,1,0,0,1,0,1,0,0,1,1,1,0,1,1,0,1,0,1,1,0,1,0,0
"39",404,0,0,1,1,1,0,0,1,0,1,1,0,1,0,1,0,1,1,0,1,1,0,1,0,1,0,0,1,0,1
"40",405,0,1,0,0,0,1,1,0,0,0,0,0,0,1,0,0,0,0,0,0,0,1,0,1,1,0,0,0,0,0
"41",406,0,1,0,0,1,1,1,0,0,0,0,0,0,1,1,0,0,0,0,1,0,1,0,0,1,0,0,0,0,1
"42",407,0,1,0,0,1,1,1,0,0,1,0,0,0,0,1,0,0,0,0,1,0,1,0,0,1,0,0,0,0,1
"43",408,0,1,0,0,1,1,1,0,0,1,0,0,0,0,1,0,0,0,0,1,0,0,0,0,1,0,0,0,0,1
"44",409,0,1,0,0,0,1,1,0,0,0,0,0,0,0,0,0,1,0,0,0,0,1,0,0,1,0,0,0,0,0
"45",410,0,1,0,0,1,0,1,0,0,0,0,0,0,0,0,0,1,0,0,1,0,1,0,0,1,0,0,1,0,1
"46",411,0,1,0,0,1,0,1,0,0,1,0,0,0,0,1,0,1,0,0,1,0,0,1,0,1,0,0,1,0,1
"47",412,0,1,0,0,1,0,0,1,0,1,0,0,0,0,1,0,1,0,0,1,0,0,1,0,1,0,0,1,0,1
"48",413,0,1,0,0,0,0,1,0,0,0,0,0,0,0,0,0,1,0,0,0,0,1,0,0,0,0,1,1,0,0
"49",414,0,1,0,0,0,0,1,1,0,0,0,0,0,0,0,0,1,0,0,1,0,1,0,0,1,0,1,1,0,0
"50",417,0,1,1,0,0,0,1,1,0,0,0,0,0,0,0,0,1,1,0,0,0,1,0,0,0,0,1,1,0,0
"51",418,0,1,1,1,0,0,1,1,0,0,0,0,0,0,0,0,1,1,0,1,0,1,1,0,1,0,1,1,0,0
"52",422,0,0,0,0,1,1,0,0,0,0,0,0,0,0,1,1,0,0,0,0,1,0,0,0,1,1,0,0,0,1
"53",423,0,0,0,0,1,1,1,0,0,1,0,0,0,0,1,0,0,0,0,1,1,0,0,0,1,0,0,0,0,1
"54",424,0,0,0,0,1,1,1,0,0,1,0,0,0,0,1,0,0,0,0,1,1,0,0,0,1,0,0,0,0,1
"55",425,0,0,0,0,1,1,0,0,0,0,0,0,0,0,0,1,0,0,0,0,1,1,0,0,0,1,0,0,0,0
"56",426,0,1,0,0,1,1,0,0,0,0,0,0,0,0,1,0,0,0,0,1,0,0,0,0,1,0,0,1,0,1
"57",427,0,1,0,0,1,1,0,0,0,1,0,0,0,0,1,0,1,0,0,1,0,0,1,0,1,0,0,1,0,1
"58",428,0,1,0,0,1,1,0,1,0,1,0,0,0,0,1,0,1,0,0,1,0,0,1,0,1,0,0,1,0,1
"59",429,0,1,0,0,0,1,0,1,0,0,0,0,0,0,0,0,1,1,0,0,0,1,0,0,0,1,1,1,0,0
"60",430,0,1,0,0,1,1,0,1,0,0,0,0,0,0,0,0,1,0,0,1,0,0,1,0,1,0,0,1,0,0
"61",431,0,1,1,0,1,0,0,1,0,1,0,0,0,0,0,0,1,0,0,1,0,0,1,0,1,0,0,1,0,1
"62",432,0,1,1,0,1,0,0,1,0,1,0,0,0,0,1,0,1,0,0,1,0,0,1,0,1,0,0,1,0,1
"63",433,0,1,1,0,0,0,0,1,0,0,0,1,0,0,0,0,1,1,0,0,0,1,1,0,0,0,1,1,0,0
"64",434,0,1,1,1,0,0,0,1,0,0,0,0,0,0,0,0,1,1,0,1,0,0,1,0,1,0,1,1,0,0
"65",439,1,0,0,0,1,1,0,0,0,1,0,0,0,0,1,1,0,0,0,1,1,0,0,0,1,1,0,0,0,1
"66",440,0,0,0,0,1,1,0,1,0,1,0,0,0,0,1,0,0,0,0,1,1,0,1,0,1,0,0,1,0,1
"67",442,0,0,0,0,1,1,0,0,0,0,1,0,0,0,1,1,0,0,0,0,1,0,0,0,1,1,0,1,0,0
"68",443,0,0,0,0,1,1,0,1,0,1,1,0,0,0,1,1,0,0,0,1,1,0,1,0,1,1,0,1,0,1
"69",444,0,0,0,0,1,1,0,1,0,1,0,0,0,0,1,1,1,0,0,1,1,0,1,0,1,0,0,1,0,1
"70",445,0,0,0,0,0,1,0,1,0,0,1,0,0,0,0,1,1,1,0,0,1,0,0,0,0,1,0,1,0,0
"71",446,0,0,1,0,1,1,0,1,0,0,1,0,0,0,0,1,1,1,0,0,1,0,1,0,1,1,0,1,0,0
"72",447,0,0,1,0,1,1,0,1,0,1,1,0,1,0,1,0,1,1,0,1,1,0,1,0,1,1,0,1,0,1
"73",448,0,1,1,0,1,1,0,1,0,1,1,0,1,0,1,0,1,0,0,1,1,0,1,0,1,0,0,1,0,1
"74",449,0,1,1,0,0,1,0,1,0,0,1,1,1,0,0,0,1,1,0,0,0,0,1,0,0,1,1,1,0,0
"75",450,0,1,1,1,1,0,0,1,0,0,1,0,1,0,0,0,1,1,0,1,0,0,1,0,1,1,0,1,0,0
"76",451,0,1,1,1,1,0,0,1,0,0,1,0,1,0,0,0,1,1,0,1,0,0,1,0,1,0,0,1,0,1
"77",452,0,1,1,1,1,0,0,1,0,1,1,0,1,0,1,0,1,1,0,1,1,0,1,0,1,0,0,1,1,1
"78",460,0,0,1,0,1,1,0,1,0,1,1,0,0,0,1,1,0,0,0,1,1,0,1,0,1,1,0,1,0,1
"79",461,1,0,0,0,1,1,0,1,0,0,1,0,1,0,1,1,1,1,0,0,1,0,0,0,0,1,0,1,0,0
"80",462,1,0,1,0,1,1,0,1,0,0,1,0,1,0,1,1,1,1,0,0,1,0,1,0,0,1,0,1,0,0
"81",463,1,0,1,0,1,1,0,1,0,1,1,0,1,0,1,1,1,1,0,1,1,0,1,0,1,1,0,1,0,1
"82",464,0,0,1,0,1,1,0,1,0,1,1,0,1,0,1,1,1,1,0,1,1,0,1,0,1,1,0,1,0,1
"83",465,1,0,1,1,0,1,0,1,0,0,1,1,1,0,0,1,1,1,0,0,1,0,1,0,0,1,1,1,0,0
"84",466,1,0,1,1,1,1,0,1,0,0,1,1,1,0,0,1,1,1,0,0,1,0,1,0,0,1,0,1,0,0
"85",467,0,0,1,1,1,1,0,1,0,0,1,1,1,0,0,1,1,1,0,1,1,0,1,0,1,1,0,1,0,1
"86",468,1,0,1,1,1,1,0,1,0,1,1,0,1,0,1,1,1,1,0,1,1,0,1,0,1,1,0,1,1,1
"87",469,0,1,0,0,0,1,1,0,0,0,0,0,0,1,0,0,0,0,0,0,0,1,0,1,1,0,1,0,0,0
"88",470,0,1,0,0,1,1,1,0,0,0,0,0,0,1,1,0,0,0,0,0,0,1,0,1,1,0,1,0,0,1
"89",471,0,1,0,0,1,1,1,0,0,1,0,0,0,1,1,0,0,0,0,1,0,1,0,1,1,0,0,0,0,1
"90",472,0,1,0,0,1,1,1,0,0,1,0,0,0,1,1,0,1,0,0,1,0,1,0,0,1,0,0,0,0,1
"91",473,0,1,0,0,0,1,1,0,0,0,0,0,0,1,0,0,1,0,0,0,0,1,0,0,0,0,1,0,0,0
"92",474,0,1,0,0,0,0,1,0,0,0,0,0,0,0,0,0,1,0,0,1,0,1,0,0,1,0,1,0,0,1
"93",475,0,1,0,0,1,1,1,0,0,1,0,0,0,0,1,0,1,0,0,1,0,1,0,0,1,0,1,0,0,1
"94",477,0,1,0,0,0,0,1,0,0,0,0,1,0,0,0,0,1,0,0,0,0,1,0,0,0,0,1,1,0,0
"95",478,0,1,0,0,0,0,1,0,0,0,0,1,0,0,0,0,1,0,0,1,0,1,0,0,1,0,1,1,0,1
"96",481,0,1,1,0,0,0,1,1,1,0,0,1,0,0,0,0,1,1,0,0,0,1,0,0,0,0,1,1,0,0
"97",486,0,1,0,0,1,1,1,0,0,0,0,0,0,1,1,1,0,0,0,0,1,1,0,0,1,0,0,0,0,1
"98",487,0,1,0,0,1,1,1,0,0,1,0,0,0,1,1,1,0,0,0,1,1,1,0,0,1,0,0,0,0,1
"99",488,0,1,0,0,1,1,1,0,0,1,0,0,0,1,1,0,1,0,0,1,1,1,0,0,1,0,0,0,0,1
"100",489,0,1,0,0,0,1,1,0,0,0,0,0,0,0,0,0,1,0,0,0,0,1,0,0,1,1,1,0,0,0
"101",490,0,1,0,0,1,1,1,0,0,0,0,0,0,0,1,0,1,0,0,0,1,1,0,0,1,1,1,1,0,0
"102",491,0,1,0,0,1,1,1,0,0,1,0,0,0,0,1,0,1,0,0,1,0,1,0,0,1,0,1,1,0,1
"103",492,0,1,0,0,1,1,1,0,0,1,0,0,0,0,1,0,1,0,0,1,0,1,1,0,1,0,0,1,0,1
"104",493,0,1,0,0,0,1,1,0,0,0,0,1,1,0,0,0,1,0,0,0,0,1,0,0,0,1,1,1,0,0
"105",494,0,1,1,0,0,0,1,1,0,0,0,1,1,0,0,0,1,0,0,0,0,1,0,0,1,0,1,1,0,0
"106",495,0,1,1,0,1,0,1,1,0,0,0,1,1,0,0,0,1,0,0,1,0,1,1,0,1,0,1,1,0,1
"107",496,0,1,1,1,1,0,1,1,0,1,0,1,1,0,1,0,1,0,0,1,0,1,1,0,1,0,1,1,0,1
"108",497,0,1,1,1,0,0,1,1,1,0,0,1,1,0,0,0,1,1,0,0,0,1,0,0,0,1,1,1,0,0
"109",498,0,1,1,1,0,0,1,1,0,0,0,1,1,0,0,0,1,1,0,1,0,1,1,0,1,0,1,1,0,0
"110",503,1,0,0,0,1,1,1,0,0,1,1,0,0,0,1,1,0,0,0,1,1,1,0,0,1,1,0,0,0,1
"111",504,1,1,0,0,1,1,1,0,0,1,1,0,0,0,1,1,1,0,0,1,1,1,0,0,1,1,0,0,0,1
"112",505,1,0,0,0,1,1,1,0,0,0,1,0,0,0,0,1,0,0,0,0,1,1,0,0,0,1,0,0,0,0
"113",506,1,1,0,0,1,1,1,0,0,0,1,0,1,0,1,1,1,0,0,0,1,1,0,0,1,1,1,1,0,0
"114",507,1,1,0,0,1,1,1,0,0,1,1,0,1,0,1,1,1,0,0,1,1,1,0,0,1,1,0,1,0,1
"115",508,0,1,1,0,1,1,1,1,0,1,1,0,1,0,1,1,1,0,0,1,1,0,1,0,1,1,0,1,0,1
"116",509,1,1,0,0,0,1,1,0,0,0,1,1,1,0,0,1,1,1,0,0,1,1,0,0,0,1,1,1,0,0
"117",510,0,1,1,0,1,1,1,1,0,0,1,1,1,0,0,1,1,1,0,0,1,1,0,0,1,1,1,1,0,0
"118",511,0,1,1,0,1,1,1,1,0,1,1,1,1,0,1,0,1,0,0,1,1,1,1,0,1,1,1,1,0,1
"119",512,0,1,1,1,1,1,1,1,0,1,1,1,1,0,1,0,1,0,0,1,1,1,1,0,1,1,1,1,0,1
"120",513,0,1,1,0,0,1,1,1,1,0,1,1,1,0,0,0,1,1,0,0,1,1,0,0,0,1,1,1,0,0
"121",514,0,1,1,1,0,0,1,1,0,0,1,1,1,0,0,0,1,1,0,0,0,1,1,0,1,1,1,1,0,0
"122",515,0,1,1,1,1,0,1,1,0,0,1,1,1,0,0,0,1,1,0,1,0,1,1,0,1,1,1,1,0,1
"123",516,0,1,1,1,1,0,1,1,0,1,1,1,1,0,0,0,1,1,0,1,0,1,1,0,1,0,1,1,0,1
"124",520,1,0,0,0,1,1,0,0,0,1,1,0,1,0,1,1,0,0,0,1,1,0,0,0,1,1,0,1,0,1
"125",523,1,0,0,0,1,1,1,1,0,1,1,0,1,0,1,1,1,0,0,0,1,0,1,0,1,1,0,1,0,1
"126",524,1,0,0,0,1,1,1,1,0,1,1,0,1,0,1,1,1,0,0,1,1,0,1,0,1,1,0,1,0,1
"127",525,1,0,0,0,1,1,1,1,0,0,1,1,1,0,0,1,1,1,0,0,1,1,0,0,0,1,1,1,0,0
"128",526,1,0,1,0,1,1,1,1,0,0,1,1,1,0,1,1,1,1,0,0,1,1,1,0,0,1,1,1,0,0
"129",527,1,0,1,0,1,1,1,1,0,1,1,1,1,0,1,1,1,1,0,0,1,0,1,0,1,1,0,1,0,1
"130",528,1,1,1,0,1,1,1,1,0,1,1,1,1,0,1,1,1,1,0,1,1,0,1,0,1,1,0,1,1,1
"131",529,1,1,1,1,0,1,0,1,1,0,1,1,1,0,0,1,1,1,0,0,1,1,1,0,0,1,1,1,0,0
"132",530,1,1,1,1,0,1,1,1,0,0,1,1,1,0,0,1,1,1,0,0,1,1,1,0,0,1,1,1,0,0
"133",531,1,1,1,1,1,1,1,1,0,0,1,1,1,0,0,1,1,1,0,1,1,0,1,0,1,1,1,1,1,1
"134",532,1,1,1,1,1,1,0,1,0,1,1,1,1,0,1,1,1,1,0,1,1,0,1,0,1,1,0,1,1,1
"135",533,0,1,0,0,0,1,1,0,0,0,0,0,0,1,1,0,1,0,0,0,0,1,0,0,1,1,1,0,0,0
"136",534,0,1,0,0,0,1,1,0,0,0,0,1,0,1,1,0,1,0,0,0,0,1,0,1,1,0,1,0,0,1
"137",535,0,1,0,0,1,1,1,0,0,1,0,0,0,1,1,0,1,0,0,1,0,1,0,1,1,0,1,0,0,1
"138",536,0,1,0,0,1,1,1,0,0,1,0,0,0,1,1,0,1,0,1,1,0,1,0,1,1,0,1,0,0,1
"139",537,0,1,0,0,0,0,1,0,0,0,0,1,0,1,0,0,1,0,0,0,0,1,0,1,1,0,1,0,0,0
"140",538,0,1,0,0,0,0,1,0,0,0,0,1,0,1,0,0,1,0,0,0,0,1,0,1,1,0,1,0,0,1
"141",542,0,1,1,1,0,0,1,1,1,0,0,1,1,0,0,0,1,0,0,1,0,1,1,0,1,0,1,1,0,1
"142",550,1,1,0,0,1,1,1,0,0,0,0,0,0,1,1,1,1,0,0,0,1,1,0,1,1,1,1,0,0,1
"143",551,0,1,0,0,1,1,1,0,0,1,0,1,0,1,1,0,1,0,0,0,1,1,0,1,1,1,1,0,0,1
"144",552,0,1,0,0,1,1,1,0,0,1,0,0,0,1,1,0,1,0,1,1,1,1,0,1,1,0,1,0,0,1
"145",553,0,1,0,0,0,1,1,0,0,0,0,1,0,1,0,0,1,0,0,0,0,1,0,0,1,1,1,1,0,0
"146",554,0,1,0,0,0,1,1,0,0,0,0,1,1,1,0,0,1,0,0,0,0,1,0,0,1,1,1,1,0,0
"147",555,0,1,0,0,1,1,1,0,0,1,0,1,1,1,1,0,1,0,0,0,0,1,0,0,1,1,1,1,0,1
"148",556,0,1,1,0,1,0,1,0,0,1,0,1,1,0,1,0,1,0,0,1,0,1,1,0,1,0,1,1,0,1
"149",557,1,1,0,0,0,1,1,0,1,0,0,1,1,1,0,0,1,0,0,0,0,1,0,0,0,1,1,1,0,0
"150",558,0,1,1,0,0,0,1,0,0,0,0,1,1,0,0,0,1,0,0,0,0,1,0,0,1,1,1,1,0,0
"151",559,0,1,1,1,0,0,1,1,0,0,0,1,1,0,0,0,1,0,0,1,0,1,1,0,1,0,1,1,0,1
"152",560,0,1,1,1,0,0,1,1,0,1,0,1,1,0,1,0,1,0,0,1,0,1,1,0,1,0,1,1,1,1
"153",561,0,1,1,1,0,0,1,1,1,0,0,1,1,0,0,0,1,1,0,0,0,1,0,0,0,1,1,1,0,0
"154",566,1,1,0,0,1,1,1,0,0,1,1,1,1,1,1,1,1,0,1,0,1,1,0,1,1,1,1,0,0,1
"155",567,1,1,0,0,1,1,1,0,0,1,1,1,1,1,1,1,1,0,0,0,1,1,0,0,1,1,1,1,0,1
"156",568,1,1,0,0,1,1,1,0,0,1,1,1,1,1,1,1,1,0,1,1,1,1,0,0,1,1,1,0,0,1
"157",569,1,1,0,0,0,1,1,0,1,0,1,1,1,1,1,1,1,0,0,0,1,1,0,1,0,1,1,0,0,0
"158",570,1,1,0,0,0,1,1,0,0,0,1,1,1,1,1,1,1,0,0,0,1,1,0,0,1,1,1,1,0,0
"159",571,1,1,0,0,1,1,1,0,0,1,1,1,1,1,1,1,1,0,0,0,1,1,0,0,1,1,1,1,0,1
"160",572,1,1,1,0,1,1,1,0,0,1,1,1,1,0,1,0,1,0,0,1,1,1,1,0,1,1,1,1,1,1
"161",573,1,1,0,0,0,1,1,0,1,0,1,1,1,0,0,1,1,0,0,0,1,1,0,0,0,1,1,1,0,0
"162",574,1,1,1,0,0,1,1,0,1,0,1,1,1,0,0,0,1,0,0,0,1,1,0,0,1,1,1,1,0,0
"163",575,1,1,1,0,0,1,1,1,0,1,1,1,1,0,1,0,1,0,0,0,1,1,1,0,1,1,1,1,0,1
"164",576,0,1,1,1,1,1,1,1,0,1,1,1,1,0,1,0,1,0,0,1,1,1,1,0,1,1,1,1,1,1
"165",577,1,1,1,1,0,1,1,1,1,0,1,1,1,0,0,0,1,1,0,0,0,1,0,0,0,1,1,1,0,0
"166",578,0,1,1,1,0,0,1,1,1,0,1,1,1,0,0,0,1,1,0,0,0,1,1,0,1,1,1,1,0,0
"167",579,0,1,1,1,0,0,1,1,0,0,1,1,1,0,0,0,1,1,0,1,0,1,1,0,1,1,1,1,1,1
"168",580,0,1,1,1,1,0,1,1,0,1,1,1,1,0,0,0,1,1,0,1,0,1,1,0,1,1,1,1,0,1
"169",584,1,1,0,0,1,1,1,0,0,1,1,1,1,1,1,1,1,0,1,1,1,1,0,0,1,1,1,1,1,1
"170",586,1,1,0,0,0,1,1,0,1,0,1,1,1,1,1,1,1,0,0,0,1,1,0,0,1,1,1,1,0,0
"171",587,1,1,0,0,1,1,1,0,0,1,1,1,1,1,1,1,1,0,0,0,1,1,0,0,1,1,1,1,1,1
"172",588,1,1,1,0,1,1,1,0,0,1,1,1,1,1,1,1,1,0,0,1,1,1,1,0,1,1,1,1,1,1
"173",589,1,1,0,0,0,1,1,0,1,0,1,1,1,0,1,1,1,0,0,0,1,1,0,0,0,1,1,1,0,0
"174",590,1,1,1,0,0,1,1,1,1,0,1,1,1,0,1,1,1,1,0,0,1,1,0,0,0,1,1,1,0,0
"175",591,1,1,1,0,1,1,1,1,1,1,1,1,1,0,1,1,1,0,0,0,1,1,1,0,1,1,1,1,1,1
"176",592,1,1,1,1,1,1,1,1,0,1,1,1,1,0,1,1,1,0,0,1,1,1,1,0,1,1,1,1,1,1
"177",593,1,1,1,1,0,1,1,1,1,0,1,1,1,0,0,1,1,1,0,0,1,1,1,0,0,1,1,1,1,0
"178",594,1,1,1,1,0,1,1,1,1,0,1,1,1,0,0,1,1,1,0,0,1,1,1,0,0,1,1,1,1,0
"179",595,1,1,1,1,0,1,1,1,1,1,1,1,1,0,0,1,1,1,0,0,1,1,1,0,1,1,1,1,1,1
"180",596,1,1,1,1,1,1,1,1,1,1,1,1,1,0,1,1,1,1,0,0,1,1,1,0,1,1,1,1,1,1
"181",597,0,0,0,0,1,0,0,0,0,0,0,0,0,1,0,0,0,0,0,1,0,0,0,1,1,0,0,0,0,0
"182",598,0,0,0,0,1,1,0,0,0,0,0,0,0,1,1,0,0,0,0,1,0,0,0,0,1,0,0,0,0,1
"183",599,0,0,0,0,1,1,0,0,0,1,0,0,0,0,1,0,0,0,0,1,0,0,0,0,1,0,0,0,0,1
"184",600,0,0,0,0,1,1,0,0,0,1,0,0,0,0,1,0,0,0,0,1,0,0,0,0,1,0,0,0,0,1
"185",601,0,0,0,0,0,0,0,0,0,0,0,0,0,0,0,0,0,0,0,1,0,0,0,0,0,0,0,0,0,0
"186",602,0,0,0,0,1,0,0,0,0,0,0,0,0,0,0,0,0,0,0,1,0,0,0,0,1,0,0,0,0,0
"187",603,0,0,0,0,1,0,0,1,0,1,0,0,0,0,1,0,0,0,0,1,0,0,1,0,1,0,0,0,0,1
"188",604,0,1,0,0,1,0,0,1,0,1,0,0,0,0,1,0,0,0,0,1,0,0,1,0,1,0,0,1,0,1
"189",605,0,0,0,0,0,0,0,1,0,0,0,0,0,0,0,0,0,1,0,0,0,0,0,0,0,0,0,0,0,0
"190",606,0,1,0,0,0,0,0,1,0,0,0,0,0,0,0,0,0,1,0,1,0,0,1,0,1,0,0,1,0,0
"191",607,0,0,1,0,1,0,0,1,0,0,0,0,0,0,0,0,0,1,0,1,0,0,1,0,1,0,0,1,0,1
"192",608,0,1,1,1,1,0,0,1,0,1,0,0,0,0,1,0,1,0,0,1,0,0,1,0,1,0,0,1,0,1
"193",609,0,0,1,0,0,0,0,1,0,0,0,0,0,0,0,0,0,1,0,0,0,0,1,0,0,0,0,1,0,0
"194",610,0,0,1,1,1,0,0,1,0,0,0,0,0,0,0,0,1,1,0,1,0,0,1,0,1,0,0,1,0,0
"195",613,0,0,0,0,1,1,0,0,0,0,0,0,0,1,1,1,0,0,0,0,1,0,0,0,0,0,0,0,0,0
"196",614,0,0,0,0,1,1,0,0,0,1,0,0,0,0,1,1,0,0,0,0,1,0,0,0,1,0,0,0,0,0
"197",615,0,0,0,0,1,1,0,0,0,1,0,0,0,0,1,1,0,0,0,1,1,0,0,0,1,0,0,0,0,1
"198",616,0,0,0,0,1,1,0,0,0,1,0,0,0,0,1,1,0,0,0,1,1,0,1,0,1,0,0,0,0,1
"199",617,0,0,0,0,1,1,0,0,0,0,0,0,0,0,0,1,0,0,0,0,0,0,0,0,0,0,0,0,0,0
"200",618,0,0,0,0,1,1,0,0,0,0,0,0,0,0,1,0,0,0,0,1,0,0,0,0,1,0,0,0,0,0
"201",619,0,0,0,0,1,1,0,1,0,1,0,0,0,0,1,0,0,0,0,1,0,0,1,0,1,0,0,0,0,1
"202",620,0,0,0,0,1,0,0,1,0,1,0,0,0,0,1,0,0,0,0,1,0,0,1,0,1,0,0,1,0,1
"203",621,0,0,0,0,0,0,0,1,0,0,0,0,0,0,0,0,0,1,0,0,0,0,0,0,0,0,0,1,0,0
"204",622,0,0,1,0,1,0,0,1,0,0,0,0,0,0,0,0,0,1,0,1,0,0,1,0,1,0,0,1,0,0
"205",623,0,0,1,0,1,0,0,1,0,1,0,0,0,0,0,0,0,1,0,1,0,0,1,0,1,0,0,1,0,1
"206",624,0,0,1,1,1,0,0,1,0,1,0,0,0,0,1,0,0,1,0,1,0,0,1,0,1,0,0,1,0,1
"207",625,0,0,1,1,0,0,0,1,0,0,0,0,0,0,0,0,1,1,0,0,0,0,1,0,0,0,0,1,0,0
"208",626,0,0,1,1,1,0,0,1,0,0,0,0,0,0,0,0,1,1,0,1,0,0,1,0,0,0,0,1,0,0
"209",627,0,1,1,1,1,0,0,1,0,0,0,0,0,0,0,0,1,1,0,1,0,0,1,0,1,0,0,1,0,1
"210",632,0,0,0,0,1,1,0,1,0,1,1,0,0,0,1,1,0,0,1,1,1,0,1,0,1,0,0,0,0,1
"211",634,0,0,0,0,1,1,0,1,0,1,0,0,0,0,1,1,0,1,0,1,1,0,1,0,1,0,0,1,0,0
"212",635,0,0,0,0,1,1,0,1,0,1,0,0,0,0,1,1,0,1,0,1,1,0,1,0,1,0,0,0,0,1
"213",636,0,0,0,0,1,1,0,1,0,1,1,0,0,0,1,1,0,0,0,1,1,0,1,0,1,0,0,1,0,1
"214",637,1,0,0,0,1,1,0,1,0,0,1,0,0,0,0,1,0,1,0,0,1,0,0,0,0,1,0,1,0,0
"215",638,0,0,1,0,1,1,0,1,0,0,1,0,0,0,0,1,0,1,0,1,1,0,1,0,0,0,0,1,0,0
"216",639,0,0,1,0,1,1,0,1,0,1,1,0,0,0,1,1,0,1,0,1,1,0,1,0,1,0,0,1,0,1
"217",640,0,0,1,0,1,0,0,1,0,1,1,0,0,0,1,0,0,1,0,1,1,0,1,0,1,0,0,1,0,1
"218",641,0,0,1,1,0,0,0,1,0,0,1,0,1,0,0,0,1,1,0,0,0,0,1,0,0,1,0,1,0,0
"219",642,0,0,1,1,1,0,0,1,0,0,1,0,1,0,0,0,1,1,0,1,0,0,1,0,0,0,0,1,0,0
"220",643,0,0,1,1,1,0,0,1,0,0,1,0,1,0,0,0,1,1,0,1,0,0,1,0,1,0,0,1,0,1
"221",644,0,1,1,1,1,0,0,1,0,1,1,0,1,0,0,0,1,1,0,1,0,0,1,0,1,0,0,1,1,1
"222",654,1,0,1,0,1,1,0,1,0,0,1,0,1,0,1,1,0,1,0,0,1,0,1,0,0,1,0,1,0,0
"223",655,1,0,1,0,1,1,0,1,0,1,1,0,1,0,1,1,0,1,0,1,1,0,1,0,1,1,0,1,0,1
"224",656,1,0,1,0,1,1,0,1,0,1,1,0,1,0,1,1,0,1,0,1,1,0,1,0,1,1,0,1,0,1
"225",657,1,0,1,1,0,0,0,1,1,0,1,1,1,0,0,1,1,1,0,0,1,0,1,0,0,1,0,1,0,0
"226",658,1,0,1,1,1,1,0,1,0,0,1,0,1,0,0,1,1,1,0,1,1,0,1,0,0,1,0,1,0,0
"227",659,0,0,1,1,1,0,0,1,0,1,1,0,1,0,0,1,1,1,0,1,1,0,1,0,1,1,0,1,1,1
"228",660,0,0,1,1,1,1,0,1,0,1,1,0,1,0,1,1,1,1,0,1,1,0,1,0,1,1,0,1,1,1
"229",661,0,1,0,0,0,1,1,0,0,0,0,0,0,1,0,0,0,0,0,0,0,1,0,1,0,0,0,0,0,0
"230",662,0,1,0,0,1,1,1,0,0,0,0,0,0,1,1,0,0,0,1,1,0,1,0,1,1,0,0,0,0,1
"231",663,0,1,0,0,1,1,1,0,0,1,0,0,0,1,1,0,0,0,1,1,0,0,0,1,1,0,0,0,0,1
"232",664,0,1,0,0,1,1,1,0,0,1,0,0,0,1,1,0,0,0,1,1,0,0,0,1,1,0,0,0,0,1
"233",665,0,1,0,0,0,0,1,0,0,0,0,0,0,1,0,0,0,0,0,0,0,1,0,1,0,0,1,0,0,0
"234",666,0,1,0,0,0,0,1,0,0,0,0,0,0,0,0,0,0,0,0,1,0,1,0,1,1,0,0,0,0,0
"235",667,0,1,0,0,1,0,1,0,0,1,0,0,0,0,1,0,1,0,0,1,0,0,0,0,1,0,0,0,0,1
"236",668,0,1,0,0,1,0,1,0,0,1,0,0,0,1,1,0,1,0,0,1,0,0,1,1,1,0,0,0,0,1
"237",669,0,1,0,0,0,0,1,0,1,0,0,0,0,0,0,0,1,1,0,0,0,1,0,1,0,0,1,0,0,0
"238",670,0,1,1,1,0,0,1,1,0,0,0,0,0,0,0,0,1,0,0,1,0,1,1,0,1,0,1,1,0,0
"239",671,0,1,1,1,0,0,1,1,0,0,0,0,0,0,0,0,1,0,0,1,0,1,1,0,1,0,1,1,0,1
"240",673,0,1,1,1,0,0,0,1,1,0,0,1,0,0,0,0,1,1,0,0,0,1,0,0,0,0,1,1,0,0
"241",678,0,0,0,0,1,1,0,0,0,1,0,0,0,1,1,1,0,0,1,0,1,0,0,1,1,0,0,0,0,0
"242",679,0,0,0,0,1,1,0,0,0,1,0,0,0,1,1,1,0,0,1,1,1,0,0,0,1,0,0,0,0,1
"243",680,0,0,0,0,1,1,0,0,0,1,0,0,0,1,1,1,0,0,1,1,1,0,1,0,1,0,0,0,0,1
"244",681,0,0,0,0,0,1,0,0,0,0,0,0,0,0,0,1,0,0,0,0,0,1,0,0,0,0,0,0,0,0
"245",682,0,0,0,0,1,1,0,0,0,0,0,0,0,0,0,0,0,0,0,0,0,0,0,0,1,0,0,0,0,0
"246",683,0,0,0,0,1,1,0,0,0,1,0,0,0,0,1,0,0,0,0,1,0,0,1,0,1,0,0,0,0,1
"247",684,0,1,0,0,1,0,0,1,0,1,0,0,0,0,1,0,0,0,0,1,0,0,1,0,1,0,0,0,0,1
"248",685,0,0,0,0,0,0,0,1,1,0,0,0,0,0,0,0,1,1,0,0,0,1,0,0,0,0,1,1,0,0
"249",686,0,1,1,0,0,0,0,1,0,0,0,0,0,0,0,0,1,1,0,1,0,0,1,0,0,0,0,1,0,0
"250",687,0,1,1,1,1,0,0,1,0,1,0,0,0,0,0,0,1,1,0,1,0,0,1,0,1,0,0,1,0,1
"251",688,0,1,1,1,1,0,0,1,0,1,0,0,0,0,1,0,1,0,0,1,0,0,1,0,1,0,0,1,0,1
"252",689,0,1,1,1,0,0,0,1,1,0,0,1,1,0,0,0,1,1,0,0,0,1,1,0,0,0,1,1,0,0
"253",690,0,1,1,1,0,0,0,1,0,0,0,1,1,0,0,0,1,1,0,1,0,0,1,0,0,0,1,1,0,0
"254",691,0,1,1,1,0,0,0,1,0,0,0,1,1,0,0,0,1,1,0,1,0,0,1,0,1,0,1,1,1,1
"255",695,1,0,0,0,1,1,0,0,0,1,1,0,0,1,1,1,0,0,1,0,1,0,0,0,1,1,0,0,0,1
"256",696,1,0,0,0,1,1,0,0,0,1,1,0,0,0,1,1,0,0,1,1,1,0,1,0,1,1,0,0,0,1
"257",698,1,0,0,0,1,1,0,0,0,1,1,0,0,0,1,1,0,0,0,0,1,0,0,0,0,1,0,0,0,0
"258",699,1,0,0,0,1,1,0,1,0,1,1,0,0,0,1,1,0,0,0,1,1,0,1,0,1,1,0,0,0,1
"259",700,0,0,0,0,1,1,0,1,0,1,1,0,0,0,1,1,0,0,0,1,1,0,1,0,1,0,0,1,0,1
"260",701,1,0,1,0,0,1,0,1,1,0,1,0,1,0,0,1,0,1,0,0,1,0,0,0,0,1,0,1,0,0
"261",702,1,0,1,0,1,1,0,1,0,0,1,0,1,0,0,1,1,1,0,0,1,0,1,0,0,1,0,1,0,0
"262",703,0,0,1,1,1,1,0,1,0,1,1,0,1,0,1,1,1,1,0,1,1,0,1,0,1,1,0,1,0,1
"263",704,0,1,1,1,1,0,0,1,0,1,1,0,1,0,1,0,1,1,0,1,1,0,1,0,1,0,0,1,1,1
"264",705,0,0,1,1,0,0,0,1,1,0,1,1,1,0,0,0,1,1,0,0,0,0,1,0,0,1,1,1,0,0
"265",706,0,1,1,1,0,0,0,1,0,0,1,1,1,0,0,0,1,1,0,0,0,0,1,0,0,1,1,1,0,0
"266",707,0,1,1,1,1,0,0,1,0,0,1,1,1,0,0,0,1,1,0,1,0,0,1,0,1,0,0,1,1,1
"267",708,0,1,1,1,1,0,0,1,0,1,1,1,1,0,1,0,1,1,0,1,0,0,1,0,1,0,0,1,1,1
"268",714,1,0,0,0,1,1,0,0,0,1,1,0,1,0,1,1,0,1,1,0,1,0,0,0,0,1,0,0,0,0
"269",715,1,0,0,0,1,1,0,1,0,1,1,0,1,0,1,1,0,1,1,0,1,0,1,0,0,1,0,1,0,0
"270",716,1,0,1,0,1,1,0,1,0,1,1,0,1,0,1,1,0,0,0,1,1,0,1,0,1,1,0,1,1,1
"271",718,1,0,1,0,1,1,0,1,0,0,1,0,1,0,1,1,0,1,0,0,1,0,1,0,0,1,0,1,0,0
"272",719,1,0,1,0,1,1,0,1,0,1,1,0,1,0,1,1,0,1,0,1,1,0,1,0,1,1,0,1,1,1
"273",720,1,0,1,1,1,1,0,1,0,1,1,0,1,0,1,1,1,1,0,1,1,0,1,0,1,1,0,1,1,1
"274",721,1,0,1,1,0,0,0,1,1,0,1,1,1,0,0,1,1,1,0,0,1,0,1,0,0,1,1,1,1,0
"275",722,1,0,1,1,0,1,0,1,1,0,1,1,1,0,0,1,1,1,0,0,1,0,1,0,0,1,0,1,1,0
"276",723,1,0,1,1,1,1,0,1,0,1,1,1,1,0,0,1,1,1,0,1,1,0,1,0,1,1,0,1,1,0
"277",724,1,0,1,1,1,0,0,1,0,1,1,1,1,0,1,1,1,1,0,1,1,0,1,0,1,1,0,1,1,1
"278",725,0,1,0,0,0,1,1,0,1,0,0,0,0,1,0,0,0,0,1,0,0,1,0,1,0,0,1,0,0,0
"279",726,0,1,0,0,0,1,1,0,0,0,0,0,0,1,1,0,0,0,1,0,0,1,0,1,1,0,1,0,0,1
"280",727,0,1,0,0,1,1,1,0,0,1,0,0,0,1,1,0,0,0,1,1,0,1,0,1,1,0,0,0,0,1
"281",728,0,1,0,0,1,1,1,0,0,1,0,0,0,1,1,0,0,0,1,1,0,1,0,1,1,0,0,0,0,1
"282",729,0,1,0,0,0,0,1,0,1,0,0,1,0,1,0,0,1,0,0,0,0,1,0,1,0,0,1,0,0,0
"283",730,0,1,0,0,0,0,1,0,0,0,0,1,0,1,0,0,1,0,0,0,0,1,0,1,1,0,1,0,0,1
"284",731,0,1,0,0,0,0,1,0,0,1,0,1,0,1,0,0,1,0,0,1,0,1,0,1,1,0,1,0,0,1
"285",733,0,1,0,0,0,0,1,0,1,0,0,1,0,1,0,0,1,0,0,0,0,1,0,1,0,0,1,0,0,0
"286",734,0,1,1,1,0,0,1,0,1,0,0,1,0,1,0,0,1,0,0,0,0,1,0,1,0,0,1,1,0,0
"287",735,0,1,1,1,0,0,1,1,0,0,0,1,1,0,0,0,1,0,0,1,0,1,1,0,1,0,1,1,1,1
"288",737,0,1,1,1,0,0,1,1,1,0,0,1,1,0,0,0,1,1,0,0,0,1,0,1,0,0,1,1,0,0
"289",741,1,1,0,0,0,1,1,0,1,0,0,0,0,1,0,1,0,0,1,0,1,1,0,1,0,1,1,0,0,0
"290",742,1,1,0,0,1,1,1,0,0,0,0,0,0,1,1,1,0,0,1,0,1,1,0,1,1,1,1,0,0,0
"291",743,0,1,0,0,1,1,1,0,0,1,0,0,0,1,1,1,0,0,1,1,1,1,0,1,1,0,0,0,0,1
"292",744,0,1,0,0,1,1,1,0,0,1,0,0,0,1,1,0,0,0,1,1,1,1,0,1,1,0,0,0,0,1
"293",745,1,1,0,0,0,1,1,0,1,0,0,1,0,1,0,0,0,0,0,0,0,1,0,1,0,1,1,0,0,0
"294",746,0,1,0,0,0,1,1,0,0,0,0,1,0,1,0,0,1,0,0,0,0,1,0,1,1,0,1,0,0,0
"295",747,0,1,0,0,1,1,1,0,0,1,0,0,0,1,1,0,1,0,1,1,0,1,0,1,1,0,1,0,0,1
"296",748,0,1,0,0,1,0,1,0,0,1,0,0,0,1,1,0,1,0,1,1,0,1,1,0,1,0,0,0,1,1
"297",749,0,1,0,0,0,0,1,0,1,0,0,1,1,1,0,0,1,1,0,0,0,1,0,1,0,1,1,1,0,0
"298",750,0,1,1,1,0,0,1,0,1,0,0,1,1,0,0,0,1,0,0,0,0,1,0,1,0,0,1,1,0,0
"299",751,0,1,1,1,0,0,1,1,0,1,0,1,1,0,0,0,1,0,0,1,0,1,1,0,1,0,1,1,1,1
"300",752,0,1,1,1,1,0,1,1,0,1,0,1,1,0,1,0,1,0,0,1,0,1,1,0,1,0,1,1,1,1
"301",753,0,1,1,1,0,0,1,1,1,0,0,1,1,0,0,0,1,1,0,0,0,1,0,0,0,1,1,1,0,0
"302",754,0,1,1,1,0,0,1,1,1,0,0,1,1,0,0,0,1,1,0,0,0,1,1,0,0,0,1,1,1,0
"303",755,0,1,1,1,0,0,1,1,0,0,0,1,1,0,0,0,1,1,0,1,0,1,1,0,1,0,1,1,1,1
"304",758,1,0,0,0,1,1,0,0,0,1,1,0,0,1,1,1,0,0,1,0,1,1,0,1,0,1,0,0,0,0
"305",759,1,0,0,0,1,1,1,0,0,1,1,0,0,1,1,1,0,0,1,0,1,1,0,1,1,1,0,0,0,1
"306",760,1,0,0,0,1,1,1,0,0,1,1,0,0,1,1,1,0,0,1,1,1,1,1,0,1,1,0,0,1,1
"307",761,1,0,0,0,0,1,1,0,1,0,1,1,1,1,0,1,0,0,1,0,1,1,0,1,0,1,1,0,0,0
"308",762,1,0,0,0,1,1,1,0,1,0,1,1,1,1,1,1,1,0,1,0,1,1,0,1,0,1,1,0,0,0
"309",763,1,1,0,0,1,1,1,0,0,1,1,1,1,1,1,1,1,0,1,1,1,1,0,0,1,1,1,1,1,1
"310",764,1,1,0,0,1,1,1,1,0,1,1,0,1,1,1,1,1,0,1,1,1,1,1,0,1,1,0,1,1,1
"311",765,1,1,1,0,0,1,1,0,1,0,1,1,1,0,0,1,1,1,0,0,1,1,0,0,0,1,1,1,0,0
"312",766,1,1,1,1,0,1,1,1,1,0,1,1,1,0,0,1,1,1,0,0,1,1,0,0,0,1,1,1,1,0
"313",767,1,1,1,1,1,1,1,1,0,1,1,1,1,0,1,1,1,1,0,1,1,1,1,0,1,1,1,1,1,1
"314",768,1,1,1,1,1,0,1,1,0,1,1,1,1,0,1,0,1,1,0,1,1,1,1,0,1,1,1,1,1,1
"315",769,1,1,1,1,0,0,1,1,1,0,1,1,1,0,0,0,1,1,0,0,0,1,0,0,0,1,1,1,0,0
"316",770,1,1,1,1,0,0,1,1,1,0,1,1,1,0,0,0,1,1,0,0,0,1,1,0,0,1,1,1,1,0
"317",771,0,1,1,1,0,0,1,1,1,0,1,1,1,0,0,0,1,1,0,1,0,1,1,0,1,1,1,1,1,1
"318",772,0,1,1,1,1,0,1,1,0,1,1,1,1,0,1,0,1,1,0,1,0,1,1,0,1,1,1,1,1,1
"319",776,1,0,0,0,1,1,1,0,0,1,1,0,1,1,1,1,0,0,1,1,1,0,1,0,1,1,0,0,1,1
"320",778,1,0,0,0,1,1,0,0,1,1,1,0,1,1,1,1,0,1,1,0,1,0,0,1,0,1,0,0,0,0
"321",779,1,0,0,0,1,1,1,0,0,1,1,1,1,1,1,1,0,0,1,0,1,1,0,0,1,1,0,1,1,1
"322",780,1,0,1,0,1,1,1,1,0,1,1,0,1,0,1,1,1,0,1,1,1,0,1,0,1,1,0,1,1,1
"323",781,1,0,1,0,0,1,0,1,1,0,1,1,1,0,0,1,1,1,0,0,1,1,0,0,0,1,1,1,0,0
"324",782,1,0,1,1,1,1,1,1,1,0,1,1,1,0,1,1,1,1,0,0,1,1,1,0,0,1,1,1,1,0
"325",783,1,0,1,1,1,1,1,1,1,1,1,1,1,0,1,1,1,1,0,0,1,1,1,0,1,1,1,1,1,1
"326",784,1,1,1,1,1,1,1,1,0,1,1,1,1,0,1,1,1,1,0,1,1,0,1,0,1,1,0,1,1,1
"327",785,1,1,1,1,0,1,0,1,1,0,1,1,1,0,0,1,1,1,0,0,1,1,1,0,0,1,1,1,1,0
"328",786,1,1,1,1,0,1,0,1,1,0,1,1,1,0,0,1,1,1,0,0,1,1,1,0,0,1,1,1,1,0
"329",787,1,1,1,1,1,1,1,1,1,1,1,1,1,0,0,1,1,1,0,0,1,0,1,0,0,1,1,1,1,1
"330",788,1,1,1,1,1,1,0,1,0,1,1,1,1,0,1,1,1,1,0,1,1,0,1,0,1,1,1,1,1,1
"331",789,0,1,0,0,0,1,1,0,1,0,0,1,0,1,0,0,1,0,1,0,0,1,0,1,1,0,1,0,0,0
"332",790,0,1,0,0,0,1,1,0,1,0,0,1,0,1,1,0,0,0,1,0,0,1,0,1,1,0,1,0,0,1
"333",791,0,1,0,0,0,1,1,0,0,1,0,1,0,1,1,0,1,0,1,1,0,1,0,1,1,0,1,0,0,1
"334",792,0,1,0,0,1,1,1,0,0,1,0,0,0,1,1,0,1,0,1,1,0,1,0,1,1,0,1,0,0,1
"335",793,0,1,0,0,0,0,1,0,1,0,0,1,0,1,0,0,1,0,1,0,0,1,0,1,0,1,1,0,0,0
"336",794,0,1,0,0,0,0,1,0,1,0,0,1,0,1,0,0,1,0,0,0,0,1,0,1,1,0,1,0,0,1
"337",795,0,1,0,1,0,0,1,0,0,1,0,1,0,1,1,0,1,0,1,1,0,1,0,1,1,0,1,0,1,1
"338",805,1,1,0,0,0,1,1,0,1,0,0,1,0,1,1,1,0,0,1,0,1,1,0,1,0,1,1,0,0,0
"339",806,1,1,0,0,0,1,1,0,1,0,0,1,0,1,1,1,1,0,1,0,1,1,0,1,1,1,1,0,0,0
"340",807,1,1,0,0,1,1,1,0,0,1,0,1,0,1,1,1,1,0,1,0,1,1,0,1,1,1,1,0,0,1
"341",808,1,1,0,0,1,1,1,0,0,1,0,1,0,1,1,0,1,0,1,1,1,1,0,1,1,0,1,0,1,1
"342",809,1,1,0,0,0,1,1,0,1,0,0,1,1,1,0,0,1,0,1,0,0,1,0,1,0,1,1,0,0,0
"343",810,1,1,0,0,0,1,1,0,1,0,0,1,1,1,0,0,1,0,1,0,0,1,0,1,1,1,1,0,0,0
"344",811,1,1,0,0,0,0,1,0,1,1,0,1,1,1,1,0,1,0,1,0,0,1,0,1,1,1,1,0,1,1
"345",812,0,1,0,1,1,0,1,0,0,1,0,1,1,1,1,0,1,0,1,1,0,1,1,1,1,0,1,1,1,1
"346",813,1,1,1,1,0,0,1,0,1,0,0,1,1,1,0,0,1,0,0,0,0,1,0,1,0,1,1,1,0,0
"347",814,0,1,1,1,0,0,1,0,1,0,0,1,1,1,0,0,1,0,0,0,0,1,0,1,0,1,1,1,1,0
"348",815,0,1,1,1,0,0,1,1,1,0,0,1,1,1,0,0,1,0,0,1,0,1,1,1,1,0,1,1,1,1
"349",816,0,1,1,1,0,0,1,1,0,1,0,1,1,1,0,0,1,0,0,1,0,1,1,0,1,0,1,1,1,1
"350",817,0,1,1,1,0,0,1,1,1,0,0,1,1,1,0,0,1,1,0,0,0,1,0,1,0,1,1,1,1,0
"351",818,0,1,1,1,0,0,1,1,1,0,0,1,1,0,0,0,1,1,0,0,0,1,1,0,1,1,1,1,1,0
"352",822,1,1,0,0,0,1,1,0,1,0,1,1,1,1,1,1,0,0,1,0,1,1,0,1,0,1,1,0,0,0
"353",823,1,1,0,0,1,1,1,0,1,1,1,1,1,1,1,1,0,0,1,0,1,1,0,1,1,1,1,0,1,1
"354",824,1,1,0,0,1,1,1,0,0,1,1,1,1,1,1,1,1,0,1,1,1,1,0,1,1,1,1,0,1,1
"355",825,1,1,0,0,0,1,1,0,1,0,1,1,1,1,0,1,1,0,1,0,1,1,0,1,0,1,1,0,0,0
"356",826,1,1,0,0,0,1,1,0,1,0,1,1,1,1,1,1,1,0,1,0,1,1,0,1,0,1,1,0,1,0
"357",827,1,1,0,0,1,1,1,0,1,1,1,1,1,1,1,1,1,0,1,0,1,1,0,1,1,1,1,1,1,1
"358",828,1,1,1,1,1,1,1,0,0,1,1,1,1,1,1,1,1,0,1,1,1,1,1,1,1,1,1,1,1,1
"359",829,1,1,1,0,0,1,1,0,1,0,1,1,1,1,0,1,1,1,0,0,1,1,0,1,0,1,1,1,1,0
"360",830,1,1,1,1,0,1,1,0,1,0,1,1,1,1,0,1,1,1,0,0,1,1,0,1,0,1,1,1,1,0
"361",831,1,1,1,1,0,1,1,1,1,1,1,1,1,1,1,0,1,0,0,0,1,1,1,1,1,1,1,1,1,1
"362",832,1,1,1,1,1,0,1,1,1,1,1,1,1,1,1,0,1,0,0,1,1,1,1,0,1,1,1,1,1,1
"363",833,1,1,1,1,0,0,1,1,1,0,1,1,1,1,0,0,1,1,0,0,0,1,0,1,0,1,1,1,1,0
"364",834,1,1,1,1,0,0,1,1,1,0,1,1,1,0,0,0,1,1,0,0,0,1,1,0,0,1,1,1,1,0
"365",835,1,1,1,1,0,0,1,1,1,0,1,1,1,0,0,0,1,1,0,0,0,1,1,0,1,1,1,1,1,1
"366",836,0,1,1,1,0,0,1,1,1,1,1,1,1,0,0,0,1,1,0,1,0,1,1,0,1,1,1,1,1,1
"367",839,1,0,0,0,1,1,1,0,1,1,1,1,1,1,1,1,0,0,1,0,1,1,0,1,1,1,1,0,1,1
"368",840,1,1,0,0,1,1,1,0,1,1,1,1,1,1,1,1,1,0,1,1,1,1,0,1,1,1,1,0,1,1
"369",841,1,0,0,0,0,1,1,0,1,0,1,1,1,1,1,1,1,0,1,0,1,1,0,1,0,1,1,0,1,0
"370",842,1,0,0,0,1,1,1,0,1,1,1,1,1,1,1,1,1,0,1,0,1,1,0,1,0,1,1,0,1,0
"371",843,1,1,1,0,1,1,1,0,1,1,1,1,1,1,1,1,1,0,1,0,1,1,0,1,1,1,1,1,1,1
"372",844,1,1,1,1,1,1,1,0,1,1,1,1,1,1,1,1,1,0,1,1,1,1,1,1,1,1,1,1,1,1
"373",845,1,1,1,0,0,1,1,0,1,0,1,1,1,1,0,1,1,1,1,0,1,1,0,1,0,1,1,1,1,0
"374",846,1,1,1,1,0,1,1,1,1,0,1,1,1,1,0,1,1,1,1,0,1,1,0,1,0,1,1,1,1,0
"375",847,1,1,1,1,0,1,1,1,1,1,1,1,1,1,1,1,1,1,1,0,1,1,1,0,1,1,1,1,1,1
"376",848,1,1,1,1,1,1,1,1,1,1,1,1,1,1,1,1,1,1,1,1,1,1,1,0,1,1,1,1,1,1
"377",849,1,1,1,1,0,1,1,1,1,0,1,1,1,0,0,1,1,1,0,0,1,1,1,0,0,1,1,1,1,0
"378",850,1,1,1,1,0,1,1,1,1,0,1,1,1,0,0,1,1,1,0,0,1,1,1,0,0,1,1,1,1,0
"379",851,1,1,1,1,0,1,1,1,1,1,1,1,1,0,0,1,1,1,0,0,1,1,1,0,0,1,1,1,1,1
"380",852,1,1,1,1,1,1,1,1,1,1,1,1,1,0,1,1,1,1,0,0,1,1,1,0,1,1,1,1,1,1
"381",853,0,0,0,0,0,0,0,0,0,0,0,0,0,1,0,0,0,0,1,1,0,0,0,1,0,0,0,0,0,0
"382",854,0,0,0,0,1,0,0,0,0,0,0,0,0,1,1,0,0,0,1,1,0,0,0,1,1,0,0,0,0,1
"383",855,0,0,0,0,1,0,0,0,0,1,0,0,0,1,1,0,0,0,1,1,0,0,0,1,1,0,0,0,0,1
"384",856,0,0,0,0,1,0,0,0,0,1,0,0,0,1,1,0,0,0,1,1,0,0,0,1,1,0,0,0,0,1
"385",857,0,0,0,0,0,0,0,0,0,0,0,0,0,1,0,0,0,0,0,0,0,0,0,1,0,0,0,0,0,0
"386",858,0,0,0,0,1,0,0,0,0,0,0,0,0,0,0,0,0,0,0,1,0,0,0,1,0,0,0,0,0,0
"387",859,0,0,0,0,1,0,0,0,0,1,0,0,0,0,1,0,0,0,0,1,0,0,1,0,1,0,0,0,0,1
"388",860,0,0,0,1,1,0,0,1,0,1,0,0,0,0,1,0,0,0,0,1,0,0,1,0,1,0,0,0,0,1
"389",861,0,0,0,0,0,0,0,1,0,0,0,0,0,0,0,0,0,1,0,0,0,0,0,0,0,0,0,0,0,0
"390",862,0,0,1,1,0,0,0,1,0,0,0,0,0,0,0,0,0,1,0,1,0,0,1,0,0,0,0,0,0,0
"391",863,0,0,1,1,1,0,0,1,0,0,0,0,0,0,0,0,0,1,0,1,0,0,1,0,1,0,0,0,0,1
"392",865,0,0,1,1,0,0,0,1,0,0,0,0,0,0,0,0,0,1,0,0,0,0,1,0,0,0,0,1,0,0
"393",869,1,0,0,0,1,1,0,0,0,0,0,0,0,1,1,1,0,0,1,0,1,0,0,0,0,0,0,0,0,0
"394",870,0,0,0,0,1,1,0,0,0,1,0,0,0,1,1,1,0,0,1,1,1,0,0,1,0,0,0,0,0,0
"395",871,0,0,0,0,1,1,0,0,0,1,0,0,0,1,1,1,0,0,1,1,1,0,0,1,1,0,0,0,0,1
"396",872,0,0,0,0,1,1,0,0,0,1,0,0,0,1,1,1,0,0,1,1,1,0,1,0,1,0,0,0,0,1
"397",873,0,0,0,0,1,1,0,0,0,0,0,0,0,0,0,1,0,1,1,0,0,0,0,1,0,0,0,0,0,0
"398",874,0,0,0,0,1,1,0,0,0,0,0,0,0,0,0,1,0,1,1,1,0,0,0,0,0,0,0,0,0,0
"399",875,0,0,0,0,1,0,0,1,0,1,0,0,0,0,1,0,0,0,1,1,0,0,1,0,1,0,0,0,0,1
"400",876,0,0,0,1,1,0,0,1,0,1,0,0,0,0,1,0,0,0,1,1,0,0,1,0,1,0,0,0,0,1
"401",877,0,0,0,0,0,0,0,1,1,0,0,0,0,0,0,0,0,1,0,0,0,0,0,0,0,0,0,0,0,0
"402",878,0,0,1,1,0,0,0,1,0,0,0,0,0,0,0,0,0,1,0,1,0,0,1,0,0,0,0,0,0,0
"403",879,0,0,1,1,1,0,0,1,0,1,0,0,0,0,0,0,0,1,0,1,0,0,1,0,1,0,0,1,0,1
"404",880,0,0,1,1,1,0,0,1,0,1,0,0,0,0,1,0,0,1,0,1,0,0,1,0,1,0,0,1,1,1
"405",881,0,0,1,1,0,0,0,1,1,0,0,0,0,0,0,0,0,1,0,0,0,0,1,0,0,0,0,1,0,0
"406",882,0,0,1,1,0,0,0,1,0,0,0,0,0,0,0,0,0,1,0,1,0,0,1,0,0,0,0,1,0,0
"407",883,0,0,1,1,1,0,0,1,0,0,0,0,0,0,0,0,1,1,0,1,0,0,1,0,1,0,0,1,0,1
"408",890,1,0,0,0,1,1,0,0,0,1,1,0,0,0,1,1,0,1,1,0,1,0,0,0,0,1,0,0,0,0
"409",891,1,0,0,0,1,1,0,1,0,1,1,0,0,0,1,1,0,1,1,1,1,0,1,0,1,0,0,0,0,1
"410",892,0,0,1,0,1,1,0,1,0,1,1,0,0,0,1,1,0,1,1,1,1,0,1,0,1,0,0,0,1,1
"411",893,1,0,1,0,1,1,0,1,1,0,1,0,0,0,0,1,0,1,0,0,1,0,0,0,0,1,0,0,0,0
"412",894,0,0,1,1,1,1,0,1,0,0,1,0,0,0,0,1,0,1,0,1,1,0,1,0,0,0,0,1,0,0
"413",895,0,0,1,1,1,0,0,1,0,1,1,0,0,0,1,1,0,1,0,1,1,0,1,0,1,0,0,1,1,1
"414",896,0,0,1,1,1,0,0,1,0,1,1,0,0,0,1,1,0,1,0,1,1,0,1,0,1,0,0,1,1,1
"415",897,0,0,1,1,0,0,0,1,1,0,1,0,1,0,0,1,0,1,0,0,0,0,1,0,0,1,0,1,0,0
"416",898,0,0,1,1,1,0,0,1,0,0,1,0,1,0,0,1,0,1,0,1,0,0,1,0,0,0,0,1,1,0
"417",899,0,0,1,1,1,0,0,1,0,0,1,0,1,0,0,0,1,1,0,1,0,0,1,0,1,0,0,1,1,1
"418",900,0,0,1,1,1,0,0,1,0,1,1,0,0,0,1,0,0,1,0,1,0,0,1,0,1,0,0,1,1,1
"419",908,1,0,1,0,1,1,0,1,0,1,1,0,0,0,1,1,0,1,1,1,1,0,1,0,1,1,0,1,1,1
"420",910,1,0,1,1,1,1,0,1,1,0,1,0,1,0,0,1,0,1,0,0,1,0,1,0,0,1,0,1,1,0
"421",911,1,0,1,1,1,1,0,1,0,1,1,0,1,0,1,1,0,1,0,1,1,0,1,0,0,1,0,1,1,1
"422",912,1,0,1,1,1,1,0,1,0,1,1,0,1,0,1,1,0,1,0,1,1,0,1,0,1,1,0,1,1,1
"423",913,1,0,1,1,0,0,0,1,1,0,1,1,1,0,0,1,1,1,0,0,1,0,1,0,0,1,0,1,1,0
"424",914,1,0,1,1,1,0,0,1,1,0,1,0,1,0,0,1,0,1,0,0,1,0,1,0,0,1,0,1,1,0
"425",915,1,0,1,1,1,0,0,1,0,1,1,0,1,0,0,1,0,1,0,1,1,0,1,0,0,1,0,1,1,0
"426",916,0,0,1,1,1,0,0,1,0,1,1,0,1,0,1,1,0,1,0,1,1,0,1,0,1,1,0,1,1,1
"427",917,0,0,0,0,0,0,1,0,1,0,0,0,0,1,0,0,0,0,1,0,0,1,0,1,0,0,0,0,0,0
"428",918,0,0,0,0,0,0,1,0,0,0,0,0,0,1,1,0,0,0,1,1,0,1,0,1,1,0,0,0,0,1
"429",919,0,0,0,0,1,0,1,0,0,1,0,0,0,1,1,0,0,0,1,1,0,0,0,1,1,0,0,0,0,1
"430",920,0,0,0,0,1,1,1,0,0,1,0,0,0,1,1,0,0,0,1,1,0,0,0,1,1,0,0,0,0,1
"431",921,0,1,0,0,0,0,0,0,1,0,0,0,0,1,0,0,0,0,1,0,0,1,0,1,0,0,1,0,0,0
"432",922,0,1,0,0,0,0,0,0,0,0,0,0,0,1,0,0,0,0,1,1,0,1,0,1,0,0,0,0,0,0
"433",923,0,1,0,1,0,0,1,0,0,1,0,0,0,1,1,0,0,0,1,1,0,0,0,1,1,0,0,0,0,1
"434",924,0,1,1,1,1,0,1,0,0,1,0,0,0,1,1,0,1,0,1,1,0,0,1,1,1,0,0,0,1,1
"435",925,0,1,0,1,0,0,0,0,1,0,0,1,0,1,0,0,0,1,0,0,0,1,0,1,0,0,1,0,0,0
"436",926,0,1,1,1,0,0,0,1,1,0,0,0,0,1,0,0,1,1,0,1,0,1,1,1,0,0,1,0,0,0
"437",927,0,1,1,1,0,0,1,1,0,0,0,0,0,0,0,0,1,0,0,1,0,0,1,1,1,0,1,0,1,1
"438",929,0,1,1,1,0,0,1,1,1,0,0,1,0,0,0,0,1,1,0,0,0,1,0,1,0,0,1,1,0,0
"439",930,0,1,1,1,0,0,1,1,1,0,0,1,0,0,0,0,1,1,0,1,0,0,1,1,0,0,1,1,1,0
"440",933,1,0,0,0,0,1,0,0,1,0,0,0,0,1,1,1,0,0,1,0,1,1,0,1,0,1,0,0,0,0
"441",934,1,0,0,0,1,1,0,0,0,1,0,0,0,1,1,1,0,0,1,0,1,0,0,1,0,0,0,0,0,0
"442",935,0,0,0,0,1,1,0,0,0,1,0,0,0,1,1,1,0,0,1,1,1,0,0,1,1,0,0,0,0,1
"443",936,0,0,0,0,1,1,0,0,0,1,0,0,0,1,1,1,0,0,1,1,1,0,0,1,1,0,0,0,1,1
"444",937,1,0,0,0,0,1,0,0,1,0,0,0,0,1,0,1,0,0,1,0,0,1,0,1,0,0,0,0,0,0
"445",938,0,0,0,0,0,0,0,0,1,0,0,0,0,1,0,0,0,0,1,0,0,0,0,1,0,0,0,0,0,0
"446",939,0,0,0,0,1,0,0,0,0,1,0,0,0,1,1,0,0,0,1,1,0,0,0,1,1,0,0,0,1,1
"447",940,0,0,0,1,1,0,0,0,0,1,0,0,0,1,1,0,0,0,1,1,0,0,1,1,1,0,0,0,1,1
"448",941,0,0,0,1,0,0,0,0,1,0,0,1,0,1,0,0,0,1,0,0,0,0,0,1,0,0,1,0,0,0
"449",942,0,0,1,1,0,0,0,1,1,0,0,0,0,0,0,0,0,1,0,0,0,0,1,1,0,0,0,0,1,0
"450",943,0,1,1,1,0,0,0,1,0,1,0,0,0,0,0,0,1,1,0,1,0,0,1,0,1,0,0,1,1,1
"451",944,0,1,1,1,1,0,0,1,0,1,0,0,0,0,1,0,1,1,0,1,0,0,1,0,1,0,0,1,1,1
"452",945,0,1,1,1,0,0,0,1,1,0,0,1,1,0,0,0,1,1,0,0,0,0,1,1,0,0,1,1,0,0
"453",946,0,1,1,1,0,0,0,1,1,0,0,1,1,0,0,0,1,1,0,1,0,0,1,0,0,0,1,1,1,0
"454",947,0,1,1,1,0,0,0,1,1,0,1,1,1,0,0,0,1,1,0,1,0,0,1,0,1,0,0,1,1,1
"455",951,1,0,0,0,1,1,0,0,0,1,1,0,0,1,1,1,0,0,1,1,1,0,0,1,1,1,0,0,0,1
"456",952,1,0,0,0,1,1,0,0,0,1,1,0,0,1,1,1,0,0,1,1,1,0,1,1,1,0,0,0,1,1
"457",953,1,0,0,0,1,1,0,0,1,0,1,0,0,0,0,1,0,1,1,0,1,0,0,0,0,1,0,0,0,0
"458",954,1,0,0,0,1,1,0,0,1,1,1,0,0,1,1,1,0,1,1,0,1,0,0,1,0,1,0,0,0,0
"459",955,1,0,0,0,1,1,0,0,0,1,1,0,0,1,1,1,0,1,1,1,1,0,1,1,1,1,0,0,1,1
"460",956,1,0,1,1,1,1,0,1,0,1,1,0,0,1,1,1,0,0,1,1,1,0,1,0,1,0,0,0,1,1
"461",957,1,0,1,1,0,1,0,1,1,0,1,1,1,0,0,1,0,1,0,0,1,0,0,1,0,1,0,1,0,0
"462",958,1,0,1,1,0,0,0,1,1,0,1,1,1,0,0,1,0,1,1,0,1,0,1,0,0,1,0,1,1,0
"463",959,1,0,1,1,1,0,0,1,1,1,1,0,1,0,1,1,0,1,1,1,1,0,1,0,0,1,0,1,1,1
"464",960,0,0,1,1,1,0,0,1,0,1,1,0,1,0,1,1,1,1,1,1,1,0,1,0,1,0,0,1,1,1
"465",961,1,0,1,1,0,0,0,1,1,0,1,1,1,0,0,1,1,1,0,0,0,0,1,0,0,1,1,1,1,0
"466",962,1,0,1,1,0,0,0,1,1,0,1,1,1,0,0,0,1,1,0,0,0,0,1,0,0,1,1,1,1,0
"467",963,0,0,1,1,0,0,0,1,1,0,1,1,1,0,0,0,1,1,0,1,0,0,1,0,0,0,0,1,1,1
"468",970,1,0,0,0,1,1,0,1,0,1,1,0,0,0,1,1,0,1,1,0,1,0,0,0,0,1,0,0,0,0
"469",971,1,0,0,0,1,1,0,1,1,1,1,0,1,1,1,1,0,1,1,0,1,0,1,1,0,1,0,0,1,1
"470",972,1,0,1,0,1,1,0,1,0,1,1,0,1,0,1,1,0,1,1,1,1,0,1,0,1,1,0,1,1,1
"471",973,1,0,0,0,1,1,0,1,1,0,1,0,1,0,1,1,0,1,1,0,1,0,0,0,0,1,0,0,0,0
"472",974,1,0,1,1,1,1,0,1,1,0,1,0,1,0,1,1,0,1,1,0,1,0,1,0,0,1,0,1,1,0
"473",975,1,0,1,1,1,1,0,1,1,1,1,0,1,0,1,1,0,1,1,1,1,0,1,0,0,1,0,1,1,1
"474",976,1,0,1,1,1,1,0,1,0,1,1,0,1,0,1,1,0,1,1,1,1,0,1,0,1,1,0,1,1,1
"475",977,1,0,1,1,0,0,0,1,1,0,1,1,1,0,0,1,1,1,0,0,1,0,1,0,0,1,1,1,1,0
"476",978,1,0,1,1,0,0,0,1,1,0,1,1,1,0,0,1,1,1,0,0,1,0,1,0,0,1,1,1,1,0
"477",979,1,0,1,1,1,0,0,1,1,1,1,1,1,0,0,1,1,1,0,1,1,0,1,0,0,1,0,1,1,0
"478",980,1,0,1,1,1,0,0,1,0,1,1,1,1,0,1,1,1,1,0,1,1,0,1,0,1,1,0,1,1,1
"479",981,0,1,0,0,0,1,1,0,1,0,0,0,0,1,0,0,0,0,1,0,0,1,0,1,0,0,1,0,0,0
"480",982,0,1,0,0,0,0,1,0,1,0,0,0,0,1,1,0,0,0,1,0,0,1,0,1,1,0,1,0,0,1
"481",983,0,1,0,0,1,0,1,0,0,1,0,0,0,1,1,0,0,0,1,1,0,1,0,1,1,0,1,0,0,1
"482",984,0,1,0,0,1,1,1,0,0,1,0,0,0,1,1,0,0,0,1,1,0,1,0,1,1,0,0,0,0,1
"483",985,0,1,0,0,0,0,1,0,1,0,0,1,0,1,0,0,0,0,1,0,0,1,0,1,0,0,1,0,0,0
"484",986,0,1,0,0,0,0,1,0,1,0,0,1,0,1,0,0,0,0,1,0,0,1,0,1,0,0,1,0,0,0
"485",987,0,1,0,1,0,0,1,0,1,1,0,1,0,1,0,0,1,0,1,1,0,1,0,1,1,0,1,0,1,1
"486",988,0,1,0,1,0,0,1,0,0,1,0,1,0,1,1,0,1,0,1,1,0,1,1,1,1,0,1,0,1,1
"487",989,0,1,0,1,0,0,1,0,1,0,0,1,0,1,0,0,1,1,1,0,0,1,0,1,0,0,1,0,0,0
"488",990,0,1,1,1,0,0,1,0,1,0,0,1,0,1,0,0,1,0,0,1,0,1,1,1,1,0,1,1,1,0
"489",997,1,0,0,0,0,1,1,0,1,0,0,0,0,1,1,1,0,0,1,0,1,1,0,1,0,1,1,0,0,0
"490",998,1,0,0,0,0,1,1,0,1,1,0,0,0,1,1,1,0,0,1,0,1,1,0,1,0,0,1,0,0,0
"491",999,1,1,0,0,1,1,1,0,0,1,0,0,0,1,1,1,0,0,1,1,1,1,0,1,1,0,0,0,1,1
"492",1000,1,1,0,0,1,1,1,0,0,1,0,0,0,1,1,1,0,0,1,1,1,1,0,1,1,0,0,0,1,1
"493",1001,1,1,0,0,0,1,1,0,1,0,0,1,0,1,0,1,0,0,1,0,0,1,0,1,0,1,1,0,0,0
"494",1002,1,1,0,0,0,0,1,0,1,0,0,1,0,1,0,0,0,0,1,0,0,1,0,1,0,0,1,0,1,0
"495",1003,1,1,0,1,0,0,1,0,1,1,0,1,0,1,1,0,0,0,1,1,0,1,0,1,1,0,1,0,1,1
"496",1004,0,1,0,1,1,0,1,0,0,1,0,1,0,1,1,0,1,0,1,1,0,1,1,1,1,0,1,0,1,1
"497",1005,1,1,1,1,0,0,1,0,1,0,0,1,1,1,0,0,1,1,1,0,0,1,0,1,0,1,1,0,1,0
"498",1006,1,1,1,1,0,0,1,0,1,0,0,1,1,1,0,0,1,1,1,0,0,1,0,1,0,0,1,0,1,0
"499",1007,0,1,1,1,0,0,1,1,1,1,0,1,1,1,0,0,1,0,1,1,0,1,1,1,1,0,1,1,1,1
"500",1008,0,1,1,1,0,0,1,1,0,1,0,1,1,0,0,0,1,1,0,1,0,0,1,0,1,0,1,1,1,1
"501",1009,0,1,1,1,0,0,1,1,1,0,0,1,1,1,0,0,1,1,0,0,0,1,0,1,0,1,1,1,1,0
"502",1010,0,1,1,1,0,0,1,1,1,0,1,1,1,0,0,0,1,1,0,0,0,1,1,1,0,0,1,1,1,0
"503",1014,1,0,0,0,1,1,0,0,1,1,1,0,0,1,1,1,0,0,1,0,1,1,0,1,0,1,0,0,0,0
"504",1015,1,0,0,0,1,1,1,0,1,1,1,0,0,1,1,1,0,0,1,0,1,1,0,1,1,1,0,0,1,1
"505",1016,1,0,0,0,1,1,1,0,0,1,1,0,1,1,1,1,0,0,1,1,1,1,0,1,1,1,0,0,1,1
"506",1017,1,0,0,0,0,1,1,0,1,0,1,1,1,1,0,1,0,1,1,0,1,1,0,1,0,1,1,0,0,0
"507",1018,1,0,0,0,0,1,1,0,1,1,1,1,1,1,1,1,0,0,1,0,1,1,0,1,0,1,1,0,1,0
"508",1019,1,0,0,1,1,1,1,0,1,1,1,1,1,1,1,1,0,0,1,0,1,1,0,1,1,1,1,0,1,1
"509",1020,1,1,1,1,1,1,1,0,1,1,1,1,1,1,1,1,1,0,1,1,1,1,1,1,1,1,0,0,1,1
"510",1021,1,0,1,1,0,1,1,0,1,0,1,1,1,1,0,1,1,1,1,0,1,1,0,1,0,1,1,1,1,0
"511",1022,1,1,1,1,0,0,1,1,1,0,1,1,1,1,0,1,1,1,1,0,1,1,0,1,0,1,1,1,1,0
"512",1023,1,1,1,1,0,0,1,1,1,1,1,1,1,1,1,1,1,1,1,0,1,1,1,1,0,1,1,1,1,1
"513",1024,1,1,1,1,1,0,1,1,1,1,1,1,1,1,1,0,1,1,1,1,1,0,1,0,1,1,1,1,1,1
"514",1025,1,1,1,1,0,0,1,1,1,0,1,1,1,0,0,0,1,1,0,0,0,1,0,1,0,1,1,1,1,0
"515",1026,1,1,1,1,0,0,1,1,1,0,1,1,1,0,0,0,1,1,0,0,0,1,1,1,0,1,1,1,1,0
"516",1027,1,1,1,1,0,0,1,1,1,1,1,1,1,0,0,0,1,1,0,1,0,1,1,0,0,1,1,1,1,1
"517",1028,0,1,1,1,0,0,1,1,1,1,1,1,1,0,0,0,1,1,0,1,0,0,1,0,1,1,1,1,1,1
"518",1032,1,0,0,0,1,1,0,0,0,1,1,0,1,1,1,1,0,0,1,1,1,0,1,0,1,1,0,0,1,1
"519",1034,1,0,0,0,1,1,1,0,1,1,1,1,1,1,1,1,0,1,1,0,1,1,0,1,0,1,1,0,1,0
"520",1035,1,0,0,0,1,1,0,0,1,1,1,1,1,1,1,1,0,1,1,0,1,0,0,1,0,1,0,0,1,1
"521",1036,1,0,1,1,1,1,1,1,1,1,1,1,1,1,1,1,0,0,1,1,1,0,1,1,1,1,0,1,1,1
"522",1037,1,0,1,0,0,1,0,0,1,0,1,1,1,1,0,1,0,1,1,0,1,1,0,1,0,1,1,1,1,0
"523",1038,1,0,1,1,0,1,0,1,1,0,1,1,1,1,0,1,1,1,1,0,1,1,1,1,0,1,1,1,1,0
"524",1039,1,0,1,1,1,1,1,1,1,1,1,1,1,1,1,1,1,1,1,0,1,1,1,0,0,1,1,1,1,1
"525",1040,1,0,1,1,1,1,1,1,1,1,1,1,1,0,1,1,1,1,1,1,1,0,1,0,1,1,1,1,1,1
"526",1041,1,0,1,1,0,0,0,1,1,0,1,1,1,0,0,1,1,1,0,0,1,1,1,0,0,1,1,1,1,0
"527",1042,1,0,1,1,0,0,0,1,1,0,1,1,1,0,0,1,1,1,0,0,1,1,1,0,0,1,1,1,1,0
"528",1043,1,0,1,1,0,0,0,1,1,1,1,1,1,0,0,1,1,1,0,0,1,0,1,0,0,1,1,1,1,0
"529",1044,1,0,1,1,1,0,0,1,1,1,1,1,1,0,1,1,1,1,0,1,1,0,1,0,1,1,1,1,1,1
"530",1045,1,1,0,0,0,1,1,0,1,0,0,1,0,1,0,1,0,0,1,0,0,1,0,1,0,1,1,0,0,0
"531",1046,1,1,0,0,0,1,1,0,1,0,0,1,0,1,1,0,0,0,1,0,0,1,0,1,0,0,1,0,0,1
"532",1047,0,1,0,0,0,0,1,0,1,1,0,1,0,1,1,0,0,0,1,1,0,1,0,1,1,0,1,0,1,1
"533",1048,0,1,0,0,1,1,1,0,0,1,0,1,0,1,1,0,0,0,1,1,0,1,0,1,1,0,1,0,1,1
"534",1049,1,1,0,1,0,0,1,0,1,0,0,1,0,1,0,0,1,0,1,0,0,1,0,1,0,0,1,0,1,0
"535",1050,0,1,0,1,0,0,1,0,1,0,0,1,0,1,0,0,1,0,1,0,0,1,0,1,0,0,1,0,1,0
"536",1051,0,1,0,1,0,0,1,0,1,1,0,1,0,1,1,0,1,0,1,1,0,1,0,1,1,0,1,0,1,1
"537",1053,0,1,0,1,0,0,1,0,1,0,0,1,1,1,0,0,1,0,1,0,0,1,0,1,0,0,1,0,0,0
"538",1061,1,1,0,0,0,1,1,0,1,0,0,1,1,1,0,1,0,0,1,0,1,1,0,1,0,1,1,0,0,0
"539",1062,1,1,0,0,0,1,1,0,1,1,0,1,0,1,1,1,0,0,1,0,1,1,0,1,0,1,1,0,1,0
"540",1063,1,1,0,0,0,1,1,0,1,1,0,1,1,1,1,1,0,0,1,0,1,1,0,1,1,1,1,0,1,1
"541",1064,1,1,0,0,1,1,1,0,1,1,0,1,1,1,1,1,0,0,1,1,1,1,0,1,1,0,1,0,1,1
"542",1065,1,1,0,0,0,1,1,0,1,0,0,1,1,1,0,1,1,0,1,0,0,1,0,1,0,1,1,0,1,0
"543",1066,1,1,0,1,0,0,1,0,1,0,0,1,1,1,0,0,1,0,1,0,0,1,0,1,0,1,1,0,1,0
"544",1067,1,1,0,1,0,0,1,0,1,1,0,1,1,1,1,0,1,0,1,0,0,1,0,1,1,1,1,0,1,1
"545",1068,1,1,1,1,0,0,1,0,1,1,0,1,1,1,1,0,1,0,1,1,0,1,0,1,1,0,1,0,1,1
"546",1069,1,1,1,1,0,0,1,0,1,0,1,1,1,1,0,0,1,1,1,0,0,1,0,1,0,1,1,0,1,0
"547",1070,1,1,1,1,0,0,1,0,1,0,1,1,1,1,0,0,1,0,1,0,0,1,0,1,0,1,1,0,1,0
"548",1071,0,1,1,1,0,0,1,1,1,1,0,1,1,1,0,0,1,0,1,1,0,1,1,1,1,0,1,1,1,1
"549",1073,1,1,1,1,0,0,1,1,1,0,1,1,1,1,0,0,1,1,0,0,0,1,0,1,0,1,1,1,1,0
"550",1074,1,1,1,1,0,0,1,1,1,0,1,1,1,1,0,0,1,1,1,0,0,1,0,1,0,1,1,1,1,0
"551",1078,1,1,0,0,0,1,1,0,1,1,1,1,1,1,1,1,0,0,1,0,1,1,0,1,0,1,1,0,1,0
"552",1079,1,1,0,0,1,1,1,0,1,1,1,1,1,1,1,1,0,0,1,0,1,1,0,1,1,1,1,0,1,1
"553",1080,1,1,0,0,1,1,1,0,1,1,1,1,1,1,1,1,0,0,1,1,1,1,0,1,1,1,1,0,1,1
"554",1081,1,1,0,0,0,1,1,0,1,0,1,1,1,1,0,1,1,0,1,0,1,1,0,1,0,1,1,0,1,0
"555",1082,1,1,0,1,0,1,1,0,1,0,1,1,1,1,1,1,1,0,1,0,1,1,0,1,0,1,1,0,1,0
"556",1083,1,1,0,1,0,1,1,0,1,1,1,1,1,1,1,1,1,0,1,0,1,1,0,1,1,1,1,0,1,1
"557",1084,1,1,1,1,1,1,1,0,1,1,1,1,1,1,1,1,1,0,1,1,1,1,1,1,1,1,1,0,1,1
"558",1085,1,1,1,1,0,1,1,0,1,0,1,1,1,1,0,1,1,1,1,0,1,1,0,1,0,1,1,1,1,0
"559",1086,1,1,1,1,0,0,1,0,1,0,1,1,1,1,0,1,1,1,1,0,1,1,0,1,0,1,1,1,1,0
"560",1087,1,1,1,1,0,0,1,1,1,1,1,1,1,1,1,1,1,1,1,0,1,1,1,1,0,1,1,1,1,1
"561",1088,1,1,1,1,0,0,1,1,1,1,1,1,1,1,1,0,1,0,1,1,1,1,1,1,1,1,1,1,1,1
"562",1089,1,1,1,1,0,0,1,1,1,0,1,1,1,1,0,0,1,1,1,0,0,1,0,1,0,1,1,1,1,0
"563",1090,1,1,1,1,0,0,1,1,1,0,1,1,1,1,0,0,1,1,1,0,0,1,1,1,0,1,1,1,1,0
"564",1091,1,1,1,1,0,0,1,1,1,1,1,1,1,1,0,0,1,1,1,0,0,1,1,1,0,1,1,1,1,1
"565",1095,1,0,0,0,1,1,1,0,1,1,1,1,1,1,1,1,0,0,1,0,1,1,0,1,1,1,1,0,1,1
"566",1096,1,1,0,0,1,1,1,0,1,1,1,1,1,1,1,1,1,0,1,1,1,1,0,1,1,1,1,0,1,1
"567",1098,1,1,0,0,0,1,1,0,1,1,1,1,1,1,1,1,1,0,1,0,1,1,0,1,0,1,1,0,1,0
"568",1099,1,1,1,1,1,1,1,0,1,1,1,1,1,1,1,1,1,0,1,0,1,1,0,1,0,1,1,0,1,1
"569",1100,1,1,1,1,1,1,1,0,1,1,1,1,1,1,1,1,1,0,1,1,1,1,1,1,1,1,1,1,1,1
"570",1101,1,1,1,1,0,1,1,0,1,0,1,1,1,1,0,1,1,1,1,0,1,1,0,1,0,1,1,1,1,0
"571",1102,1,1,1,1,0,1,1,1,1,0,1,1,1,1,0,1,1,1,1,0,1,1,0,1,0,1,1,1,1,0
"572",1103,1,1,1,1,0,1,1,1,1,1,1,1,1,1,1,1,1,1,1,0,1,1,1,1,0,1,1,1,1,1
"573",1104,1,1,1,1,1,1,1,1,1,1,1,1,1,1,1,1,1,1,1,0,1,1,1,1,1,1,1,1,1,1
"574",1105,1,1,1,1,0,0,1,1,1,0,1,1,1,1,0,1,1,1,0,0,1,1,1,1,0,1,1,1,1,0
"575",1106,1,1,1,1,0,0,1,1,1,0,1,1,1,1,0,1,1,1,1,0,1,1,1,1,0,1,1,1,1,0
"576",1107,1,1,1,1,0,1,1,1,1,1,1,1,1,1,0,1,1,1,1,0,1,1,1,1,0,1,1,1,1,0
"577",1108,1,1,1,1,0,1,1,1,1,1,1,1,1,0,1,1,1,1,1,0,1,1,1,0,1,1,1,1,1,1
"578",1109,0,0,0,0,0,0,0,0,0,0,0,0,0,1,0,0,0,0,1,1,0,0,0,1,0,0,0,0,0,0
"579",1110,0,0,0,0,1,0,0,0,0,0,0,0,0,1,1,0,0,0,1,1,0,0,0,1,0,0,0,0,0,0
"580",1111,0,0,0,0,1,0,0,0,0,1,0,0,0,1,1,0,0,0,1,1,0,0,0,1,1,0,0,0,0,1
"581",1112,0,0,0,0,1,0,0,0,0,1,0,0,0,1,1,0,0,0,1,1,0,0,0,1,1,0,0,0,0,1
"582",1113,0,0,0,0,0,0,0,0,1,0,0,0,0,1,0,0,0,1,1,0,0,0,0,1,0,0,0,0,0,0
"583",1114,0,0,0,1,0,0,0,0,1,0,0,0,0,1,0,0,0,0,1,1,0,0,0,1,0,0,0,0,0,0
"584",1115,0,0,0,1,1,0,0,0,0,1,0,0,0,1,1,0,0,0,1,1,0,0,1,1,1,0,0,0,1,1
"585",1116,0,0,0,1,1,0,0,1,0,1,0,0,0,1,1,0,0,0,1,1,0,0,1,1,1,0,0,0,1,1
"586",1117,0,0,0,1,0,0,0,0,1,0,0,0,0,1,0,0,0,1,1,0,0,0,0,1,0,0,0,0,0,0
"587",1118,0,0,1,1,0,0,0,1,1,0,0,0,0,0,0,0,0,1,1,1,0,0,1,1,0,0,0,0,1,0
"588",1119,0,0,1,1,0,0,0,1,0,0,0,0,0,0,0,0,0,1,1,1,0,0,1,1,1,0,0,0,1,1
"589",1121,0,0,1,1,0,0,0,1,1,0,0,0,0,0,0,0,0,1,0,1,0,0,1,1,0,0,0,0,0,0
"590",1122,0,0,1,1,0,0,0,1,1,0,0,0,0,0,0,0,0,1,1,1,0,0,1,1,0,0,0,0,1,0
"591",1125,1,0,0,0,0,1,0,0,1,0,0,0,0,1,1,1,0,1,1,0,1,0,0,1,0,1,0,0,0,0
"592",1126,1,0,0,0,1,1,0,0,1,1,0,0,0,1,1,1,0,0,1,0,1,0,0,1,0,0,0,0,0,0
"593",1127,1,0,0,0,1,1,0,0,0,1,0,0,0,1,1,1,0,0,1,1,1,0,0,1,0,0,0,0,1,1
"594",1128,0,0,0,0,1,0,0,0,0,1,0,0,0,1,1,1,0,0,1,1,1,0,1,1,1,0,0,0,1,1
"595",1129,1,0,0,0,0,0,0,0,1,0,0,0,0,1,0,1,0,1,1,0,0,0,0,1,0,0,0,0,0,0
"596",1130,0,0,0,1,1,0,0,0,1,0,0,0,0,1,0,1,0,1,1,1,0,0,0,1,0,0,0,0,1,0
"597",1131,0,0,0,1,1,0,0,0,0,1,0,0,0,1,1,1,0,1,1,1,0,0,1,1,0,0,0,0,1,1
"598",1132,0,0,1,1,1,0,0,1,0,1,0,0,0,1,1,0,0,1,1,1,0,0,1,1,1,0,0,0,1,1
"599",1133,0,0,0,1,0,0,0,1,1,0,0,0,0,1,0,1,0,1,1,0,0,0,0,1,0,0,0,0,0,0
"600",1134,0,0,1,1,0,0,0,1,1,0,0,0,0,0,0,0,0,1,1,1,0,0,1,1,0,0,0,0,1,0
"601",1135,0,0,1,1,1,0,0,1,1,1,0,0,0,0,0,0,0,1,1,1,0,0,1,1,0,0,0,0,1,1
"602",1136,0,0,1,1,1,0,0,1,0,1,0,0,0,0,1,0,0,1,1,1,0,0,1,0,1,0,0,0,1,1
"603",1137,0,0,1,1,0,0,0,1,1,0,0,0,0,0,0,0,0,1,0,0,0,0,1,1,0,0,0,1,1,0
"604",1138,0,0,1,1,0,0,0,1,1,0,0,0,0,0,0,0,0,1,1,1,0,0,1,1,0,0,0,1,1,0
"605",1139,0,0,1,1,0,0,0,1,1,1,0,0,0,0,0,0,0,1,0,1,0,0,1,0,0,0,0,1,1,1
"606",1143,1,0,0,0,1,1,0,0,1,1,1,0,0,1,1,1,0,1,1,0,1,0,0,1,0,1,0,0,1,0
"607",1144,1,0,0,0,1,1,0,0,0,1,1,0,0,1,1,1,0,0,1,1,1,0,1,1,1,0,0,0,1,1
"608",1145,1,0,0,0,1,1,0,0,1,0,1,0,0,1,1,1,0,1,1,0,1,0,0,1,0,1,0,0,0,0
"609",1146,1,0,0,0,1,1,0,0,1,0,1,0,0,1,1,1,0,1,1,0,1,0,0,1,0,1,0,0,1,0
"610",1147,1,0,0,1,1,1,0,1,0,1,1,0,0,0,1,1,0,1,1,1,1,0,1,1,0,0,0,0,1,1
"611",1148,1,0,1,1,1,0,0,1,0,1,1,0,0,1,1,1,0,1,1,1,1,0,1,1,1,0,0,0,1,1
"612",1149,1,0,0,1,0,1,0,1,1,0,1,0,0,1,0,1,0,1,1,0,1,0,0,1,0,1,0,0,1,0
"613",1150,1,0,1,1,1,0,0,1,1,0,1,0,0,0,0,1,0,1,1,0,1,0,1,1,0,0,0,0,1,0
"614",1151,1,0,1,1,1,0,0,1,1,1,1,0,0,0,1,1,0,1,1,1,1,0,1,1,0,0,0,0,1,0
"615",1152,0,0,1,1,1,0,0,1,0,1,1,0,0,0,1,1,0,1,1,1,0,0,1,0,1,0,0,1,1,1
"616",1153,1,0,1,1,0,0,0,1,1,0,1,0,1,0,0,1,0,1,0,0,0,0,1,0,0,0,0,1,1,0
"617",1154,1,0,1,1,0,0,0,1,1,0,1,0,1,0,0,1,0,1,1,1,0,0,1,0,0,0,0,1,1,0
"618",1155,0,0,1,1,1,0,0,1,1,1,1,0,1,0,0,1,0,1,1,1,0,0,1,0,0,0,0,1,1,0
"619",1156,0,0,1,1,1,0,0,1,0,1,1,0,1,0,0,0,0,1,0,1,0,0,1,0,1,0,0,1,1,1
"620",1159,1,0,0,0,1,1,0,1,0,1,1,0,0,0,1,1,0,1,1,0,1,0,1,0,0,1,0,0,1,0
"621",1164,1,0,1,1,1,1,0,1,1,1,1,0,1,1,1,1,0,1,1,1,1,0,1,1,0,1,0,0,1,1
"622",1165,1,0,1,1,1,1,0,1,1,0,1,0,1,1,0,1,0,1,1,0,1,0,0,1,0,1,0,0,1,0
"623",1166,1,0,1,1,1,1,0,1,1,1,1,0,1,0,1,1,0,1,1,0,1,0,1,0,0,1,0,1,1,0
"624",1167,1,0,1,1,1,1,0,1,1,1,1,0,1,0,1,1,0,1,1,1,1,0,1,0,0,1,0,0,1,0
"625",1168,1,0,1,1,1,0,0,1,0,1,1,0,1,0,1,1,0,1,1,1,1,0,1,0,1,0,0,1,1,1
"626",1169,1,0,1,1,0,0,0,1,1,0,1,1,1,0,0,1,0,1,0,0,1,0,1,0,0,1,0,1,1,0
"627",1170,1,0,1,1,0,0,0,1,1,0,1,1,1,0,0,1,0,1,1,0,1,0,1,0,0,1,0,1,1,0
"628",1171,1,0,1,1,1,0,0,1,1,1,1,0,1,0,0,1,0,1,1,1,1,0,1,0,0,1,0,1,1,0
"629",1172,1,0,1,1,1,0,0,1,1,1,1,0,1,0,1,1,0,1,0,1,1,0,1,0,0,1,0,1,1,1
"630",1173,0,0,0,0,0,0,0,0,1,0,0,0,0,1,0,0,0,0,1,0,0,1,0,1,0,0,0,0,0,0
"631",1174,0,0,0,0,0,0,0,0,1,1,0,0,0,1,1,0,0,0,1,1,0,1,0,1,0,0,0,0,0,0
"632",1175,0,0,0,0,1,0,0,0,1,1,0,0,0,1,1,0,0,0,1,1,0,0,0,1,1,0,0,0,1,1
"633",1176,0,0,0,0,1,0,0,0,0,1,0,0,0,1,1,0,0,0,1,1,0,0,0,1,1,0,0,0,1,1
"634",1177,0,0,0,1,0,0,0,0,1,0,0,0,0,1,0,0,0,0,1,0,0,1,0,1,0,0,1,0,0,0
"635",1178,0,0,0,1,0,0,0,0,1,0,0,0,0,1,0,0,0,0,1,1,0,0,0,1,0,0,1,0,1,0
"636",1179,0,1,0,1,0,0,0,0,1,1,0,0,0,1,0,0,0,0,1,1,0,0,0,1,1,0,0,0,1,1
"637",1180,0,1,1,1,0,0,0,0,1,1,0,0,0,1,1,0,0,0,1,1,0,0,1,1,1,0,0,0,1,1
"638",1181,0,1,0,1,0,0,0,0,1,0,0,1,0,1,0,0,0,1,1,0,0,1,0,1,0,0,1,0,1,0
"639",1182,0,1,1,1,0,0,0,0,1,0,0,1,0,1,0,0,0,1,1,1,0,0,1,1,0,0,1,0,1,0
"640",1183,0,1,1,1,0,0,1,1,1,1,0,1,0,1,0,0,1,0,1,1,0,1,1,1,1,0,1,0,1,1
"641",1185,0,1,1,1,0,0,0,1,1,0,0,1,0,1,0,0,1,1,1,0,0,1,0,1,0,0,1,0,1,0
"642",1189,1,0,0,0,0,1,0,0,1,0,0,0,0,1,1,1,0,0,1,0,1,1,0,1,0,0,0,0,1,0
"643",1190,1,0,0,0,1,1,0,0,1,1,0,0,0,1,1,1,0,0,1,0,1,0,0,1,0,0,0,0,1,0
"644",1191,1,0,0,0,1,1,0,0,1,1,0,0,0,1,1,1,0,0,1,1,0,0,0,1,0,0,0,0,1,1
"645",1192,1,0,0,0,1,0,0,0,0,1,0,0,0,1,1,1,0,0,1,1,1,0,0,1,1,0,0,0,1,1
"646",1193,1,0,0,0,0,0,0,0,1,0,0,0,0,1,0,1,0,1,1,0,0,1,0,1,0,0,0,0,1,0
"647",1194,1,0,0,1,0,0,0,0,1,0,0,0,0,1,0,1,0,0,1,0,0,0,0,1,0,0,0,0,1,0
"648",1195,1,0,0,1,1,0,0,0,1,1,0,0,0,1,1,0,0,0,1,1,0,0,1,1,0,0,0,0,1,1
"649",1196,0,0,1,1,1,0,0,0,1,1,0,0,0,1,1,0,0,0,1,1,0,0,1,1,1,0,0,0,1,1
"650",1197,1,0,1,1,0,0,0,0,1,0,0,1,0,1,0,0,0,1,1,0,0,0,0,1,0,0,1,0,1,0
"651",1198,1,0,1,1,0,0,0,1,1,0,0,1,0,1,0,0,0,1,1,0,0,0,1,1,0,0,1,0,1,0
"652",1199,0,0,1,1,0,0,0,1,1,1,0,1,0,1,0,0,0,1,1,1,0,0,1,1,0,0,0,0,1,1
"653",1200,0,1,1,1,0,0,0,1,1,1,0,1,1,1,1,0,0,1,1,1,0,0,1,1,1,0,0,0,1,1
"654",1201,1,0,1,1,0,0,0,1,1,0,0,1,1,1,0,0,0,1,1,0,0,0,0,1,0,0,1,1,1,0
"655",1202,0,1,1,1,0,0,0,1,1,0,0,1,1,0,0,0,1,1,1,1,0,0,1,1,0,0,1,1,1,0
"656",1207,1,0,0,0,1,1,0,0,1,1,1,0,0,1,1,1,0,0,1,0,1,0,0,1,0,1,0,0,1,1
"657",1208,1,0,0,1,1,1,0,0,1,1,1,0,0,1,1,1,0,0,1,1,1,0,1,1,1,0,0,0,1,1
"658",1209,1,0,0,0,0,1,0,0,1,0,1,0,0,1,0,1,0,1,1,0,1,0,0,1,0,1,0,0,1,0
"659",1210,1,0,0,1,0,1,0,0,1,1,1,0,0,1,1,1,0,1,1,0,1,0,0,1,0,1,0,0,1,0
"660",1211,1,0,0,1,1,0,0,0,1,1,1,0,0,1,1,1,0,1,1,1,1,0,1,1,0,1,0,0,1,1
"661",1212,1,0,1,1,1,0,0,1,1,1,1,0,1,1,1,1,0,1,1,1,1,0,1,1,1,0,0,0,1,1
"662",1213,1,0,1,1,0,0,0,1,1,0,1,1,1,1,0,1,0,1,1,0,1,0,0,1,0,1,1,0,1,0
"663",1214,1,0,1,1,0,0,0,1,1,0,1,1,1,1,0,1,0,1,1,0,1,0,1,1,0,1,0,0,1,0
"664",1215,1,0,1,1,1,0,0,1,1,1,1,1,1,1,1,1,0,1,1,1,1,0,1,1,0,1,0,0,1,1
"665",1216,1,0,1,1,1,0,0,1,1,1,1,1,1,1,1,1,0,1,1,1,1,0,1,1,1,0,0,1,1,1
"666",1217,1,0,1,1,0,0,0,1,1,0,1,1,1,0,0,1,0,1,1,0,0,0,1,1,0,1,1,1,1,0
"667",1218,1,0,1,1,0,0,0,1,1,0,1,1,1,0,0,1,0,1,1,0,0,0,1,1,0,1,1,1,1,0
"668",1219,1,0,1,1,0,0,0,1,1,1,1,1,1,0,0,0,1,1,1,1,0,0,1,1,0,0,1,1,1,0
"669",1220,0,1,1,1,0,0,0,1,1,1,1,1,1,1,0,0,1,1,1,1,0,0,1,1,0,0,1,1,1,1
"670",1223,1,0,0,0,1,1,0,0,1,1,1,0,0,1,1,1,0,1,1,0,1,0,0,1,0,1,0,0,1,0
"671",1224,1,0,0,0,1,1,0,0,0,1,1,0,1,1,1,1,0,0,1,1,1,0,1,1,1,1,0,0,1,1
"672",1226,1,0,0,1,1,1,0,0,1,1,1,0,1,1,1,1,0,1,1,0,1,0,0,1,0,1,0,0,1,0
"673",1227,1,0,0,1,1,1,0,0,1,1,1,0,1,1,1,1,0,1,1,0,1,0,0,1,0,1,0,0,1,0
"674",1228,1,0,1,1,1,1,0,1,1,1,1,0,1,1,1,1,0,1,1,1,1,0,1,1,1,1,0,0,1,1
"675",1230,1,0,1,1,1,1,0,1,1,0,1,1,1,1,1,1,0,1,1,0,1,0,1,1,0,1,0,0,1,0
"676",1231,1,0,1,1,1,1,0,1,1,1,1,1,1,1,1,1,0,1,1,0,1,0,1,1,0,1,0,1,1,0
"677",1232,1,0,1,1,1,0,0,1,1,1,1,1,1,0,1,1,0,1,1,1,1,0,1,0,1,1,0,1,1,1
"678",1233,1,0,1,1,0,0,0,1,1,0,1,1,1,0,0,1,1,1,1,0,1,0,1,1,0,1,1,1,1,0
"679",1234,1,0,1,1,0,0,0,1,1,0,1,1,1,0,0,1,1,1,1,0,1,0,1,0,0,1,1,1,1,0
"680",1235,1,0,1,1,1,0,0,1,1,1,1,1,1,0,0,1,1,1,1,1,1,0,1,0,0,1,0,1,1,0
"681",1236,1,0,1,1,1,0,0,1,1,1,1,1,1,0,1,1,1,1,1,1,1,0,1,0,0,1,0,1,1,1
"682",1237,1,1,0,0,0,0,1,0,1,0,0,1,0,1,0,0,0,0,1,0,0,1,0,1,0,0,1,0,1,0
"683",1238,1,1,0,0,0,0,1,0,1,1,0,0,0,1,1,0,0,0,1,0,0,1,0,1,0,0,1,0,1,0
"684",1239,0,1,0,0,0,0,1,0,1,1,0,0,0,1,1,0,0,0,1,1,0,1,0,1,1,0,1,0,1,1
"685",1240,0,1,0,0,1,0,1,0,0,1,0,0,0,1,1,0,0,0,1,1,0,1,0,1,1,0,0,0,1,1
"686",1241,1,1,0,1,0,0,1,0,1,0,0,1,0,1,0,0,0,0,1,0,0,1,0,1,0,0,1,0,1,0
"687",1242,0,1,0,1,0,0,1,0,1,0,0,1,0,1,0,0,0,0,1,0,0,1,0,1,0,0,1,0,1,0
"688",1243,0,1,0,1,0,0,1,0,1,1,0,1,0,1,0,0,0,0,1,1,0,1,0,1,1,0,1,0,1,1
"689",1244,0,1,1,1,0,0,1,0,1,1,0,1,0,1,1,0,1,0,1,1,0,1,1,1,1,0,1,0,1,1
"690",1245,1,1,0,1,0,0,1,0,1,0,0,1,0,1,0,0,1,1,1,0,0,1,0,1,0,0,1,0,1,0
"691",1246,0,1,1,1,0,0,1,0,1,0,0,1,0,1,0,0,1,0,1,0,0,1,0,1,0,0,1,0,1,0
"692",1249,0,1,1,1,0,0,1,0,1,0,0,1,1,1,0,0,1,1,1,0,0,1,0,1,0,0,1,0,1,0
"693",1253,1,0,0,0,0,1,1,0,1,0,0,0,0,1,1,1,0,0,1,0,1,1,0,1,0,1,1,0,0,0
"694",1254,1,0,0,0,0,1,1,0,1,1,0,1,0,1,1,1,0,0,1,0,1,1,0,1,0,0,1,0,1,0
"695",1255,1,0,0,0,1,1,1,0,1,1,0,1,0,1,1,1,0,0,1,1,0,1,0,1,0,0,1,0,1,1
"696",1256,1,0,0,1,1,0,1,0,1,1,0,0,0,1,1,1,0,0,1,1,1,1,0,1,1,0,0,0,1,1
"697",1257,1,0,0,1,0,0,1,0,1,0,0,1,0,1,0,1,0,0,1,0,0,1,0,1,0,1,1,0,1,0
"698",1258,1,0,0,1,0,0,1,0,1,0,0,1,0,1,0,1,0,0,1,0,0,1,0,1,0,0,1,0,1,0
"699",1259,1,1,0,1,0,0,1,0,1,1,0,1,0,1,1,0,0,0,1,1,0,1,0,1,0,0,1,0,1,1
"700",1260,1,1,1,1,1,0,1,0,1,1,0,1,1,1,1,0,0,0,1,1,0,1,1,1,1,0,1,0,1,1
"701",1261,1,1,1,1,0,0,1,0,1,0,0,1,1,1,0,0,0,1,1,0,0,1,0,1,0,1,1,0,1,0
"702",1262,1,1,1,1,0,0,1,0,1,0,1,1,1,1,0,0,1,1,1,0,0,1,0,1,0,0,1,0,1,0
"703",1263,1,1,1,1,0,0,1,1,1,1,0,1,1,1,0,0,1,1,1,1,0,1,1,1,0,0,1,0,1,1
"704",1264,0,1,1,1,0,0,1,1,1,1,0,1,1,1,0,0,1,0,1,1,0,1,1,1,1,0,1,1,1,1
"705",1265,1,1,1,1,0,0,1,1,1,0,1,1,1,1,0,0,1,1,1,0,0,1,0,1,0,0,1,1,1,0
"706",1266,0,1,1,1,0,0,1,1,1,0,0,1,1,1,0,0,1,1,1,0,0,1,1,1,0,0,1,1,1,0
"707",1269,1,0,0,0,0,1,0,0,1,0,1,1,1,1,1,1,0,1,1,0,1,1,0,1,0,1,1,0,1,0
"708",1270,1,0,0,0,1,1,1,0,1,1,1,1,1,1,1,1,0,0,1,0,1,1,0,1,0,1,0,0,1,0
"709",1271,1,0,0,0,1,1,1,0,1,1,1,1,0,1,1,1,0,0,1,0,1,1,0,1,0,1,0,0,1,1
"710",1272,1,0,0,1,1,1,1,0,1,1,1,1,1,1,1,1,0,0,1,1,1,0,1,1,1,1,0,0,1,1
"711",1273,1,0,0,1,0,1,1,0,1,0,1,1,1,1,0,1,0,1,1,0,1,1,0,1,0,1,1,0,1,0
"712",1274,1,0,0,1,0,1,1,0,1,1,1,1,1,1,1,1,0,1,1,0,1,1,0,1,0,1,1,0,1,0
"713",1275,1,0,1,1,0,1,1,0,1,1,1,1,1,1,1,1,0,0,1,0,1,1,0,1,0,1,1,0,1,1
"714",1276,1,0,1,1,1,0,1,0,1,1,1,1,1,1,1,1,0,0,1,1,1,0,1,1,1,1,0,0,1,1
"715",1277,1,0,1,1,0,0,0,0,1,0,1,1,1,1,0,1,0,1,1,0,1,1,0,1,0,1,1,0,1,0
"716",1278,1,0,1,1,0,0,1,1,1,0,1,1,1,1,0,1,0,1,1,0,1,1,0,1,0,1,1,0,1,0
"717",1279,1,0,1,1,0,0,1,1,1,1,1,1,1,1,1,1,0,1,1,0,1,1,1,1,0,1,1,0,1,1
"718",1280,1,1,1,1,1,0,1,1,1,1,1,1,1,1,1,1,1,1,1,1,1,0,1,1,1,1,1,1,1,1
"719",1281,1,1,1,1,0,0,1,1,1,0,1,1,1,1,0,1,1,1,1,0,0,1,0,1,0,1,1,1,1,0
"720",1282,1,1,1,1,0,0,1,1,1,0,1,1,1,1,0,0,1,1,1,0,0,1,1,1,0,1,1,1,1,0
"721",1283,1,1,1,1,0,0,1,1,1,1,1,1,1,1,0,0,1,1,1,1,0,1,1,1,0,1,1,1,1,0
"722",1284,0,1,1,1,0,0,1,1,1,1,1,1,1,0,0,0,1,1,1,1,0,1,1,1,1,0,1,1,1,1
"723",1288,1,0,0,1,1,1,0,0,1,1,1,0,1,1,1,1,0,0,1,1,1,0,1,1,1,1,0,0,1,1
"724",1290,1,0,0,1,0,1,0,0,1,1,1,1,1,1,1,1,0,1,1,0,1,1,0,1,0,1,1,0,1,0
"725",1291,1,0,1,1,1,1,0,0,1,1,1,1,1,1,1,1,0,1,1,0,1,0,0,1,0,1,0,0,1,0
"726",1292,1,0,1,1,1,1,0,1,1,1,1,1,1,1,1,1,0,1,1,1,1,0,1,1,1,1,0,0,1,1
"727",1293,1,0,1,1,0,1,0,0,1,0,1,1,1,1,0,1,0,1,1,0,1,1,0,1,0,1,1,0,1,0
"728",1294,1,0,1,1,0,1,0,1,1,0,1,1,1,1,0,1,0,1,1,0,1,1,1,1,0,1,1,0,1,0
"729",1295,1,0,1,1,0,1,0,1,1,1,1,1,1,1,1,1,0,1,1,0,1,0,1,1,0,1,1,1,1,0
"730",1296,1,0,1,1,1,0,0,1,1,1,1,1,1,1,1,1,0,1,1,1,1,0,1,1,0,1,1,1,1,1
"731",1297,1,0,1,1,0,0,0,1,1,0,1,1,1,1,0,1,1,1,1,0,1,1,1,1,0,1,1,1,1,0
"732",1298,1,0,1,1,0,0,0,1,1,0,1,1,1,1,0,1,1,1,1,0,1,1,1,1,0,1,1,1,1,0
"733",1299,1,0,1,1,0,0,0,1,1,1,1,1,1,1,0,1,1,1,1,0,1,0,1,1,0,1,1,1,1,0
"734",1300,1,0,1,1,1,0,0,1,1,1,1,1,1,0,1,1,1,1,1,1,1,0,1,1,0,1,1,1,1,1
"735",1301,1,1,0,0,0,1,1,0,1,0,0,1,0,1,0,1,0,0,1,0,0,1,0,1,0,1,1,0,1,0
"736",1302,1,1,0,0,0,0,1,0,1,1,0,1,0,1,1,0,0,0,1,0,0,1,0,1,0,0,1,0,1,0
"737",1303,1,1,0,0,0,0,1,0,1,1,0,1,0,1,1,0,0,0,1,0,0,1,0,1,1,0,1,0,1,1
"738",1304,1,1,0,0,1,0,1,0,1,1,0,1,0,1,1,0,0,0,1,1,0,1,0,1,1,0,1,0,1,1
"739",1305,0,1,0,1,0,0,1,0,1,0,0,1,1,1,0,0,1,0,1,0,0,1,0,1,0,0,1,0,1,0
"740",1306,1,1,0,1,0,0,1,0,1,0,0,1,1,1,0,0,1,0,1,0,0,1,0,1,0,0,1,0,1,0
"741",1307,0,1,0,1,0,0,1,0,1,1,0,1,0,1,0,0,1,0,1,1,0,1,0,1,0,0,1,0,1,1
"742",1310,0,1,1,1,0,0,1,0,1,0,0,1,1,1,0,0,1,0,1,0,0,1,0,1,0,0,1,0,1,0
"743",1317,1,1,0,0,0,1,1,0,1,0,0,1,0,1,1,1,0,0,1,0,1,1,0,1,0,1,1,0,1,0
"744",1318,1,1,0,0,0,1,1,0,1,1,0,1,1,1,1,1,0,0,1,0,1,1,0,1,0,1,1,0,1,0
"745",1319,1,1,0,1,0,1,1,0,1,1,0,1,1,1,1,1,0,0,1,0,1,1,0,1,0,1,1,0,1,1
"746",1320,1,1,0,1,1,1,1,0,1,1,0,1,1,1,1,1,0,0,1,1,1,1,0,1,1,0,1,0,1,1
"747",1321,1,1,0,1,0,0,1,0,1,0,0,1,1,1,0,1,0,0,1,0,0,1,0,1,0,1,1,0,1,0
"748",1322,1,1,0,1,0,0,1,0,1,0,0,1,1,1,0,0,0,0,1,0,0,1,0,1,0,1,1,0,1,0
"749",1323,1,1,0,1,0,0,1,0,1,1,0,1,1,1,1,0,1,0,1,0,0,1,0,1,0,1,1,0,1,1
"750",1324,1,1,1,1,0,0,1,0,1,1,1,1,1,1,1,0,1,0,1,1,0,1,0,1,1,0,1,0,1,1
"751",1325,1,1,1,1,0,0,1,0,1,0,1,1,1,1,0,0,1,1,1,0,0,1,0,1,0,1,1,0,1,0
"752",1326,1,1,1,1,0,0,1,0,1,0,1,1,1,1,0,0,1,1,1,0,0,1,0,1,0,1,1,0,1,0
"753",1327,1,1,1,1,0,0,1,0,1,1,1,1,1,1,0,0,1,0,1,0,0,1,1,1,0,0,1,0,1,1
"754",1329,1,1,1,1,0,0,1,0,1,0,1,1,1,1,0,0,1,1,1,0,0,1,0,1,0,1,1,0,1,0
"755",1334,1,0,0,0,0,1,1,0,1,1,1,1,1,1,1,1,0,0,1,0,1,1,0,1,0,1,1,0,1,0
"756",1335,1,1,0,1,0,1,1,0,1,1,1,1,1,1,1,1,0,0,1,0,1,1,0,1,0,1,1,0,1,1
"757",1336,1,1,0,1,1,1,1,0,1,1,1,1,1,1,1,1,0,0,1,1,1,1,0,1,1,1,1,0,1,1
"758",1337,1,1,0,1,0,1,1,0,1,0,1,1,1,1,0,1,0,1,1,0,1,1,0,1,0,1,1,0,1,0
"759",1338,1,1,0,1,0,1,1,0,1,1,1,1,1,1,1,1,0,0,1,0,1,1,0,1,0,1,1,0,1,0
"760",1339,1,1,1,1,0,0,1,0,1,1,1,1,1,1,1,1,0,0,1,0,1,1,0,1,0,1,1,0,1,1
"761",1340,1,1,1,1,0,0,1,0,1,1,1,1,1,1,1,1,1,0,1,1,1,1,1,1,1,1,1,0,1,1
"762",1341,1,1,1,1,0,0,1,0,1,0,1,1,1,1,0,1,0,1,1,0,1,1,0,1,0,1,1,0,1,0
"763",1342,1,1,1,1,0,0,1,0,1,0,1,1,1,1,0,1,1,1,1,0,1,1,0,1,0,1,1,0,1,0
"764",1343,1,1,1,1,0,0,1,1,1,1,1,1,1,1,1,1,1,1,1,0,1,1,1,1,0,1,1,1,1,1
"765",1344,1,1,1,1,0,0,1,1,1,1,1,1,1,1,1,0,1,1,1,1,1,1,1,1,1,1,1,1,1,1
"766",1345,1,1,1,1,0,0,1,1,1,0,1,1,1,1,0,1,1,1,1,0,0,1,0,1,0,1,1,1,1,0
"767",1346,1,1,1,1,0,0,1,1,1,0,1,1,1,1,0,0,1,1,1,0,0,1,1,1,0,1,1,1,1,0
"768",1347,1,1,1,1,0,0,1,1,1,1,1,1,1,1,0,0,1,1,1,0,0,1,1,1,0,1,1,1,1,1
"769",1351,1,0,0,1,0,1,1,0,1,1,1,1,1,1,1,1,0,0,1,0,1,1,0,1,0,1,1,0,1,1
"770",1352,1,0,0,1,1,1,1,0,1,1,1,1,1,1,1,1,0,0,1,1,1,1,0,1,1,1,1,0,1,1
"771",1354,1,1,0,1,0,1,1,0,1,1,1,1,1,1,1,1,0,1,1,0,1,1,0,1,0,1,1,0,1,0
"772",1355,1,0,1,1,0,1,1,0,1,1,1,1,1,1,1,1,0,1,1,0,1,1,0,1,0,1,1,0,1,1
"773",1356,1,1,1,1,1,1,1,0,1,1,1,1,1,1,1,1,1,0,1,0,1,1,1,1,1,1,1,0,1,1
"774",1357,1,0,1,1,0,1,1,0,1,0,1,1,1,1,0,1,1,1,1,0,1,1,0,1,0,1,1,0,1,0
"775",1358,1,0,1,1,0,1,1,0,1,0,1,1,1,1,0,1,1,1,1,0,1,1,0,1,0,1,1,0,1,0
"776",1359,1,1,1,1,0,1,1,1,1,1,1,1,1,1,1,1,1,1,1,0,1,1,1,1,0,1,1,1,1,0
"777",1360,1,1,1,1,1,0,1,1,1,1,1,1,1,1,1,1,1,1,1,0,1,1,1,1,0,1,1,1,1,1
"778",1361,1,1,1,1,0,0,1,1,1,0,1,1,1,1,0,1,1,1,1,0,1,1,1,1,0,1,1,1,1,0
"779",1362,1,1,1,1,0,0,1,1,1,0,1,1,1,1,0,1,1,1,1,0,1,1,1,1,0,1,1,1,1,0
"780",1363,1,1,1,1,0,0,1,1,1,1,1,1,1,1,0,1,1,1,1,0,1,1,1,1,0,1,1,1,1,0
"781",1364,1,1,1,1,0,0,1,1,1,1,1,1,1,1,1,1,1,1,1,0,1,1,1,1,0,1,1,1,1,1
